Time,Reference Temperature,Actual Temperature,Error,Control Input,People In Room,Humidity,Annotation
0.04,70.00,34.00,40.00,100020.48,3,30.00,
0.08,70.00,37.60,36.00,89996.86,3,30.00,
0.12,70.00,40.84,32.40,80997.77,3,30.00,
0.16,70.00,43.76,29.16,72898.52,3,30.00,
0.20,70.00,46.38,26.24,65609.14,3,30.00,
0.24,70.00,48.74,23.62,59048.66,3,30.00,
0.28,70.00,50.87,21.26,53144.18,3,30.00,
0.32,70.00,52.78,19.13,47830.11,3,30.00,
0.36,70.00,54.50,17.22,43047.41,3,30.00,
0.40,70.00,56.05,15.50,38742.95,3,30.00,
0.44,70.00,57.45,13.95,34868.91,3,30.00,
0.48,70.00,58.70,12.55,31382.25,3,30.00,
0.52,70.00,59.83,11.30,28244.23,3,30.00,
0.56,70.00,60.85,10.17,25419.99,3,30.00,
0.60,70.00,61.77,9.15,22878.16,3,30.00,
0.64,70.00,62.59,8.23,20590.49,3,30.00,
0.68,70.00,63.33,7.41,18531.58,3,30.00,
0.72,70.00,64.00,6.67,16678.54,3,30.00,
0.76,70.00,64.60,6.00,15010.80,3,30.00,
0.80,70.00,65.14,5.40,13509.81,3,30.00,
0.84,70.00,65.62,4.86,12158.92,3,30.00,
0.88,70.00,66.06,4.38,10943.11,3,30.00,
0.92,70.00,66.46,3.94,9848.87,3,30.00,
0.96,70.00,66.81,3.54,8864.05,3,30.00,
1.00,70.00,67.13,3.19,7977.70,3,30.00,
1.04,70.00,67.42,2.87,7179.98,3,30.00,
1.08,70.00,67.68,2.58,6462.03,3,30.00,
1.12,70.00,67.91,2.32,5815.87,3,30.00,
1.16,70.00,68.12,2.09,5234.32,3,30.00,
1.20,70.00,68.31,1.88,4710.92,3,30.00,
1.24,70.00,68.48,1.69,4239.86,3,30.00,
1.28,70.00,68.63,1.52,3815.90,3,30.00,
1.32,70.00,68.77,1.37,3434.34,3,30.00,
1.36,70.00,68.89,1.23,3090.93,3,30.00,
1.40,70.00,69.00,1.11,2781.85,3,30.00,
1.44,70.00,69.10,1.00,2503.69,3,30.00,
1.48,70.00,69.19,0.90,2253.33,3,30.00,
1.52,70.00,69.27,0.81,2028.02,3,30.00,
1.56,70.00,69.34,0.73,1825.23,3,30.00,
1.60,70.00,69.41,0.66,1642.72,3,30.00,
1.64,70.00,69.47,0.59,1478.46,3,30.00,
1.68,70.00,69.52,0.53,1330.62,3,30.00,
1.72,70.00,69.57,0.48,1197.57,3,30.00,
1.76,70.00,69.61,0.43,1077.82,3,30.00,
1.80,70.00,69.65,0.39,970.04,3,30.00,
1.84,70.00,69.69,0.35,873.04,3,30.00,
1.88,70.00,69.72,0.31,785.75,3,30.00,
1.92,70.00,69.75,0.28,707.18,3,30.00,
1.96,70.00,69.77,0.25,636.46,3,30.00,
2.00,70.00,69.80,0.23,572.82,3,30.00,
2.04,70.00,69.82,0.20,515.54,3,30.00,
2.08,70.00,69.83,0.18,463.99,3,30.00,
2.12,70.00,69.85,0.17,417.60,3,30.00,
2.16,70.00,69.87,0.15,375.84,3,30.00,
2.20,70.00,69.88,0.13,338.26,3,30.00,
2.24,70.00,69.89,0.12,304.43,3,30.00,
2.28,70.00,69.90,0.11,273.99,3,30.00,
2.32,70.00,69.91,0.10,246.60,3,30.00,
2.36,70.00,69.92,0.09,221.94,3,30.00,
2.40,70.00,69.93,0.08,199.74,3,30.00,
2.44,70.00,69.94,0.07,179.77,3,30.00,
2.48,70.00,69.94,0.06,161.80,3,30.00,
2.52,70.00,69.95,0.06,145.62,3,30.00,
2.56,70.00,69.95,0.05,131.06,3,30.00,
2.60,70.00,69.96,0.05,117.95,3,30.00,
2.64,70.00,69.96,0.04,106.16,3,30.00,
2.68,70.00,69.97,0.04,95.54,3,30.00,
2.72,70.00,69.97,0.03,85.99,3,30.00,
2.76,70.00,69.97,0.03,77.39,3,30.00,
2.80,70.00,69.98,0.03,69.65,3,30.00,
2.84,70.00,69.98,0.02,62.69,3,30.00,
2.88,70.00,69.98,0.02,56.42,3,30.00,
2.92,70.00,69.98,0.02,50.78,3,30.00,
2.96,70.00,69.99,0.02,45.70,3,30.00,
3.00,70.00,69.99,0.01,41.13,3,30.00,
3.04,70.00,69.99,0.01,37.02,3,30.00,
3.08,70.00,69.99,0.01,33.32,3,30.00,
3.12,70.00,69.99,0.01,29.98,3,30.00,
3.16,70.00,69.99,0.01,26.99,3,30.00,
3.20,70.00,69.99,0.01,24.29,3,30.00,
3.24,70.00,69.99,0.01,21.86,3,30.00,
3.28,70.00,69.99,0.01,19.67,3,30.00,
3.32,70.00,70.00,0.01,17.71,3,30.00,
3.36,70.00,70.00,0.00,15.94,3,30.00,
3.40,70.00,70.00,0.00,14.34,3,30.00,
3.44,70.00,70.00,0.00,12.91,3,30.00,
3.48,70.00,70.00,0.00,11.62,3,30.00,
3.52,70.00,70.00,0.00,10.46,3,30.00,
3.56,70.00,70.00,0.00,9.41,3,30.00,
3.60,70.00,70.00,0.00,8.47,3,30.00,
3.64,70.00,70.00,0.00,7.62,3,30.00,
3.68,70.00,70.00,0.00,6.86,3,30.00,
3.72,70.00,70.00,0.00,6.17,3,30.00,
3.76,70.00,70.00,0.00,5.56,3,30.00,
3.80,70.00,70.00,0.00,5.00,3,30.00,
3.84,70.00,70.00,-0.00,4.50,3,30.00,
3.88,70.00,70.00,-0.00,4.05,3,30.00,
3.92,70.00,70.00,-0.00,3.65,3,30.00,
3.96,70.00,70.00,-0.00,3.28,3,30.00,
4.00,70.00,70.00,-0.00,2.95,3,30.00,
4.04,70.00,70.00,-0.00,2.66,3,30.00,
4.08,70.00,70.00,-0.00,2.39,3,30.00,
4.12,70.00,70.00,-0.00,2.15,3,30.00,
4.16,70.00,70.00,-0.00,1.94,3,30.00,
4.20,70.00,70.00,-0.00,1.74,3,30.00,
4.24,70.00,70.00,-0.00,1.57,3,30.00,
4.28,70.00,70.00,-0.00,1.41,3,30.00,
4.32,70.00,70.00,-0.00,1.27,3,30.00,
4.36,70.00,70.00,-0.00,1.14,3,30.00,
4.40,70.00,70.00,-0.00,1.03,3,30.00,
4.44,70.00,70.00,-0.00,0.93,3,30.00,
4.48,70.00,70.00,-0.00,0.83,3,30.00,
4.52,70.00,70.00,-0.00,0.75,3,30.00,
4.56,70.00,70.00,-0.00,0.68,3,30.00,
4.60,70.00,70.00,-0.00,0.61,3,30.00,
4.64,70.00,70.00,-0.00,0.55,3,30.00,
4.68,70.00,70.00,-0.00,0.49,3,30.00,
4.72,70.00,70.00,-0.00,0.44,3,30.00,
4.76,70.00,70.00,-0.00,0.40,3,30.00,
4.80,70.00,70.00,-0.00,0.36,3,30.00,
4.84,70.00,70.00,-0.00,0.32,3,30.00,
4.88,70.00,70.00,-0.00,0.29,3,30.00,
4.92,70.00,70.00,-0.00,0.26,3,30.00,
4.96,70.00,70.00,-0.00,0.24,3,30.00,
5.00,70.00,70.00,-0.00,0.21,3,30.00,
5.04,70.00,70.00,-0.00,0.19,3,30.00,
5.08,70.00,70.00,-0.00,0.17,3,30.00,
5.12,70.00,70.00,-0.00,0.15,3,30.00,
5.16,70.00,70.00,-0.00,0.14,3,30.00,
5.20,70.00,70.00,-0.00,0.12,3,30.00,
5.24,70.00,70.00,-0.00,0.11,3,30.00,
5.28,70.00,70.00,-0.00,0.10,3,30.00,
5.32,70.00,70.00,-0.00,0.09,3,30.00,
5.36,70.00,70.00,-0.00,0.08,3,30.00,
5.40,70.00,70.00,-0.00,0.07,3,30.00,
5.44,70.00,70.00,-0.00,0.07,3,30.00,
5.48,70.00,70.00,-0.00,0.06,3,30.00,
5.52,70.00,70.00,-0.00,0.05,3,30.00,
5.56,70.00,70.00,-0.00,0.05,3,30.00,
5.60,70.00,70.00,-0.00,0.04,3,30.00,
5.64,70.00,70.00,-0.00,0.04,3,30.00,
5.68,70.00,70.00,-0.00,0.04,3,30.00,
5.72,70.00,70.00,-0.00,0.03,3,30.00,
5.76,70.00,70.00,-0.00,0.03,3,30.00,
5.80,70.00,70.00,-0.00,0.03,3,30.00,
5.84,70.00,70.00,-0.00,0.02,3,30.00,
5.88,70.00,70.00,-0.00,0.02,3,30.00,
5.92,70.00,70.00,-0.00,0.02,3,30.00,
5.96,70.00,70.00,-0.00,0.02,3,30.00,
6.00,70.00,70.00,-0.00,0.01,3,30.00,
6.04,70.00,70.00,-0.00,0.01,3,30.00,
6.08,70.00,70.00,-0.00,0.01,3,30.00,
6.12,70.00,70.00,-0.00,0.01,3,30.00,
6.16,70.00,70.00,-0.00,0.01,3,30.00,
6.20,70.00,70.00,-0.00,0.01,3,30.00,
6.24,70.00,70.00,-0.00,0.01,3,30.00,
6.28,70.00,70.00,-0.00,0.01,3,30.00,
6.32,70.00,70.00,-0.00,0.01,3,30.00,
6.36,70.00,70.00,-0.00,0.01,3,30.00,
6.40,70.00,70.00,-0.00,0.01,3,30.00,
6.44,70.00,70.00,-0.00,0.00,3,30.00,
6.48,70.00,70.00,-0.00,0.00,3,30.00,
6.52,70.00,70.00,-0.00,0.00,3,30.00,
6.56,70.00,70.00,-0.00,0.00,3,30.00,
6.60,70.00,70.00,-0.00,0.00,3,30.00,
6.64,70.00,70.00,-0.00,0.00,3,30.00,
6.68,70.00,70.00,-0.00,0.00,3,30.00,
6.72,70.00,70.00,-0.00,0.00,3,30.00,
6.76,70.00,70.00,-0.00,0.00,3,30.00,
6.80,70.00,70.00,-0.00,0.00,3,30.00,
6.84,70.00,70.00,-0.00,0.00,3,30.00,
6.88,70.00,70.00,-0.00,0.00,3,30.00,
6.92,70.00,70.00,-0.00,0.00,3,30.00,
6.96,70.00,70.00,-0.00,0.00,3,30.00,
7.00,70.00,70.00,-0.00,0.00,3,30.00,
7.04,70.00,70.00,-0.00,0.00,3,30.00,
7.08,70.00,70.00,-0.00,0.00,3,30.00,
7.12,70.00,70.00,-0.00,0.00,3,30.00,
7.16,70.00,70.00,-0.00,0.00,3,30.00,
7.20,70.00,70.00,-0.00,0.00,3,30.00,
7.24,70.00,70.00,-0.00,0.00,3,30.00,
7.28,70.00,70.00,-0.00,0.00,3,30.00,
7.32,70.00,70.00,-0.00,0.00,3,30.00,
7.36,70.00,70.00,-0.00,0.00,3,30.00,
7.40,70.00,70.00,-0.00,0.00,3,30.00,
7.44,70.00,70.00,-0.00,0.00,3,30.00,
7.48,70.00,70.00,-0.00,0.00,3,30.00,
7.52,70.00,70.00,-0.00,0.00,3,30.00,
7.56,70.00,70.00,-0.00,0.00,3,30.00,
7.60,70.00,70.00,-0.00,-0.00,3,30.00,
7.64,70.00,70.00,-0.00,-0.00,3,30.00,
7.68,70.00,70.00,-0.00,-0.00,3,30.00,
7.72,70.00,70.00,-0.00,-0.00,3,30.00,
7.76,70.00,70.00,-0.00,-0.00,3,30.00,
7.80,70.00,70.00,-0.00,-0.00,3,30.00,
7.84,70.00,70.00,-0.00,-0.00,3,30.00,
7.88,70.00,70.00,-0.00,-0.00,3,30.00,
7.92,70.00,70.00,-0.00,-0.00,3,30.00,
7.96,70.00,70.00,-0.00,-0.00,3,30.00,
8.00,70.00,70.00,-0.00,-0.00,3,30.00,
8.04,70.00,70.00,-0.00,-0.00,3,30.00,
8.08,70.00,70.00,-0.00,-0.00,3,30.00,
8.12,70.00,70.00,-0.00,-0.00,3,30.00,
8.16,70.00,70.00,-0.00,-0.00,3,30.00,
8.20,70.00,70.00,-0.00,-0.00,3,30.00,
8.24,70.00,70.00,-0.00,-0.00,3,30.00,
8.28,70.00,70.00,-0.00,-0.00,3,30.00,
8.32,70.00,70.00,-0.00,-0.00,3,30.00,
8.36,70.00,70.00,-0.00,-0.00,3,30.00,
8.40,70.00,70.00,-0.00,-0.00,3,30.00,
8.44,70.00,70.00,-0.00,-0.00,3,30.00,
8.48,70.00,70.00,-0.00,-0.00,3,30.00,
8.52,70.00,70.00,-0.00,-0.00,3,30.00,
8.56,70.00,70.00,-0.00,-0.00,3,30.00,
8.60,70.00,70.00,-0.00,-0.00,3,30.00,
8.64,70.00,70.00,-0.00,-0.00,3,30.00,
8.68,70.00,70.00,-0.00,-0.00,3,30.00,
8.72,70.00,70.00,-0.00,-0.00,3,30.00,
8.76,70.00,70.00,-0.00,-0.00,3,30.00,
8.80,70.00,70.00,-0.00,-0.00,3,30.00,
8.84,70.00,70.00,-0.00,-0.00,3,30.00,
8.88,70.00,70.00,-0.00,-0.00,3,30.00,
8.92,70.00,70.00,-0.00,-0.00,3,30.00,
8.96,70.00,70.00,-0.00,-0.00,3,30.00,
9.00,70.00,70.00,-0.00,-0.00,3,30.00,
9.04,70.00,70.00,-0.00,-0.00,3,30.00,
9.08,70.00,70.00,-0.00,-0.00,3,30.00,
9.12,70.00,70.00,-0.00,-0.00,3,30.00,
9.16,70.00,70.00,-0.00,-0.00,3,30.00,
9.20,70.00,70.00,-0.00,-0.00,3,30.00,
9.24,70.00,70.00,-0.00,-0.00,3,30.00,
9.28,70.00,70.00,-0.00,-0.00,3,30.00,
9.32,70.00,70.00,-0.00,-0.00,3,30.00,
9.36,70.00,70.00,-0.00,-0.00,3,30.00,
9.40,70.00,70.00,-0.00,-0.00,3,30.00,
9.44,70.00,70.00,-0.00,-0.00,3,30.00,
9.48,70.00,70.00,-0.00,-0.00,3,30.00,
9.52,70.00,70.00,-0.00,-0.00,3,30.00,
9.56,70.00,70.00,-0.00,-0.00,3,30.00,
9.60,70.00,70.00,-0.00,-0.00,3,30.00,
9.64,70.00,70.00,-0.00,-0.00,3,30.00,
9.68,70.00,70.00,-0.00,-0.00,3,30.00,
9.72,70.00,70.00,-0.00,-0.00,3,30.00,
9.76,70.00,70.00,-0.00,-0.00,3,30.00,
9.80,70.00,70.00,-0.00,-0.00,3,30.00,
9.84,70.00,70.00,-0.00,-0.00,3,30.00,
9.88,70.00,70.00,-0.00,-0.00,3,30.00,
9.92,70.00,70.00,-0.00,-0.00,3,30.00,
9.96,70.00,70.00,-0.00,-0.00,3,30.00,
10.00,70.00,70.00,-0.00,-0.00,3,30.00,
10.04,70.00,70.00,-0.00,-0.00,3,30.00,
10.08,70.00,70.00,-0.00,-0.00,3,30.00,
10.12,70.00,70.00,-0.00,-0.00,3,30.00,
10.16,70.00,70.00,-0.00,-0.00,3,30.00,
10.20,70.00,70.00,-0.00,-0.00,3,30.00,
10.24,70.00,70.00,-0.00,-0.00,3,30.00,
10.28,70.00,70.00,-0.00,-0.00,3,30.00,
10.32,70.00,70.00,-0.00,-0.00,3,30.00,
10.36,70.00,70.00,-0.00,-0.00,3,30.00,
10.40,70.00,70.00,-0.00,-0.00,3,30.00,
10.44,70.00,70.00,-0.00,-0.00,3,30.00,
10.48,70.00,70.00,-0.00,-0.00,3,30.00,
10.52,70.00,70.00,-0.00,-0.00,3,30.00,
10.56,70.00,70.00,-0.00,-0.00,3,30.00,
10.60,70.00,70.00,-0.00,-0.00,3,30.00,
10.64,70.00,70.00,-0.00,-0.00,3,30.00,
10.68,70.00,70.00,-0.00,-0.00,3,30.00,
10.72,70.00,70.00,-0.00,-0.00,3,30.00,
10.76,70.00,70.00,-0.00,-0.00,3,30.00,
10.80,70.00,70.00,-0.00,-0.00,3,30.00,
10.84,70.00,70.00,-0.00,-0.00,3,30.00,
10.88,70.00,70.00,-0.00,-0.00,3,30.00,
10.92,70.00,70.00,-0.00,-0.00,3,30.00,
10.96,70.00,70.00,-0.00,-0.00,3,30.00,
11.00,70.00,70.00,-0.00,-0.00,3,30.00,
11.04,70.00,70.00,-0.00,-0.00,3,30.00,
11.08,70.00,70.00,-0.00,-0.00,3,30.00,
11.12,70.00,70.00,-0.00,-0.00,3,30.00,
11.16,70.00,70.00,-0.00,-0.00,3,30.00,
11.20,70.00,70.00,-0.00,-0.00,3,30.00,
11.24,70.00,70.00,-0.00,-0.00,3,30.00,
11.28,70.00,70.00,-0.00,-0.00,3,30.00,
11.32,70.00,70.00,-0.00,-0.00,3,30.00,
11.36,70.00,70.00,-0.00,-0.00,3,30.00,
11.40,70.00,70.00,-0.00,-0.00,3,30.00,
11.44,70.00,70.00,-0.00,-0.00,3,30.00,
11.48,70.00,70.00,-0.00,-0.00,3,30.00,
11.52,70.00,70.00,-0.00,-0.00,3,30.00,
11.56,70.00,70.00,-0.00,-0.00,3,30.00,
11.60,70.00,70.00,-0.00,-0.00,3,30.00,
11.64,70.00,70.00,-0.00,-0.00,3,30.00,
11.68,70.00,70.00,-0.00,-0.00,3,30.00,
11.72,70.00,70.00,-0.00,-0.00,3,30.00,
11.76,70.00,70.00,-0.00,-0.00,3,30.00,
11.80,70.00,70.00,-0.00,-0.00,3,30.00,
11.84,70.00,70.00,-0.00,-0.00,3,30.00,
11.88,70.00,70.00,-0.00,-0.00,3,30.00,
11.92,70.00,70.00,-0.00,-0.00,3,30.00,
11.96,70.00,70.00,-0.00,-0.00,3,30.00,
12.00,20.00,65.00,-50.00,-125025.60,2,40.00,
12.04,20.00,60.50,-45.00,-112496.08,2,40.00,
12.08,20.00,56.45,-40.50,-101247.21,2,40.00,
12.12,20.00,52.81,-36.45,-91123.15,2,40.00,
12.16,20.00,49.53,-32.81,-82011.43,2,40.00,
12.20,20.00,46.57,-29.53,-73810.82,2,40.00,
12.24,20.00,43.92,-26.57,-66430.22,2,40.00,
12.28,20.00,41.52,-23.92,-59787.64,2,40.00,
12.32,20.00,39.37,-21.52,-53809.26,2,40.00,
12.36,20.00,37.44,-19.37,-48428.69,2,40.00,
12.40,20.00,35.69,-17.44,-43586.14,2,40.00,
12.44,20.00,34.12,-15.69,-39227.81,2,40.00,
12.48,20.00,32.71,-14.12,-35305.28,2,40.00,
12.52,20.00,31.44,-12.71,-31774.99,2,40.00,
12.56,20.00,30.30,-11.44,-28597.70,2,40.00,
12.60,20.00,29.27,-10.30,-25738.11,2,40.00,
12.64,20.00,28.34,-9.27,-23164.47,2,40.00,
12.68,20.00,27.51,-8.34,-20848.18,2,40.00,
12.72,20.00,26.75,-7.51,-18763.49,2,40.00,
12.76,20.00,26.08,-6.75,-16887.27,2,40.00,
12.80,20.00,25.47,-6.08,-15198.65,2,40.00,
12.84,20.00,24.92,-5.47,-13678.89,2,40.00,
12.88,20.00,24.43,-4.92,-12311.09,2,40.00,
12.92,20.00,23.99,-4.43,-11080.06,2,40.00,
12.96,20.00,23.59,-3.99,-9972.13,2,40.00,
13.00,20.00,23.23,-3.59,-8974.98,2,40.00,
13.04,20.00,22.91,-3.23,-8077.54,2,40.00,
13.08,20.00,22.62,-2.91,-7269.84,2,40.00,
13.12,20.00,22.36,-2.62,-6542.90,2,40.00,
13.16,20.00,22.12,-2.36,-5888.65,2,40.00,
13.20,20.00,21.91,-2.12,-5299.83,2,40.00,
13.24,20.00,21.72,-1.91,-4769.88,2,40.00,
13.28,20.00,21.55,-1.72,-4292.92,2,40.00,
13.32,20.00,21.39,-1.55,-3863.66,2,40.00,
13.36,20.00,21.25,-1.39,-3477.32,2,40.00,
13.40,20.00,21.13,-1.25,-3129.61,2,40.00,
13.44,20.00,21.01,-1.13,-2816.67,2,40.00,
13.48,20.00,20.91,-1.01,-2535.02,2,40.00,
13.52,20.00,20.82,-0.91,-2281.53,2,40.00,
13.56,20.00,20.74,-0.82,-2053.40,2,40.00,
13.60,20.00,20.66,-0.74,-1848.07,2,40.00,
13.64,20.00,20.60,-0.66,-1663.27,2,40.00,
13.68,20.00,20.54,-0.60,-1496.96,2,40.00,
13.72,20.00,20.48,-0.54,-1347.27,2,40.00,
13.76,20.00,20.44,-0.48,-1212.55,2,40.00,
13.80,20.00,20.39,-0.44,-1091.31,2,40.00,
13.84,20.00,20.35,-0.39,-982.18,2,40.00,
13.88,20.00,20.32,-0.35,-883.97,2,40.00,
13.92,20.00,20.29,-0.32,-795.58,2,40.00,
13.96,20.00,20.26,-0.29,-716.03,2,40.00,
14.00,20.00,20.23,-0.26,-644.43,2,40.00,
14.04,20.00,20.21,-0.23,-579.99,2,40.00,
14.08,20.00,20.19,-0.21,-521.99,2,40.00,
14.12,20.00,20.17,-0.19,-469.80,2,40.00,
14.16,20.00,20.15,-0.17,-422.82,2,40.00,
14.20,20.00,20.14,-0.15,-380.54,2,40.00,
14.24,20.00,20.12,-0.14,-342.49,2,40.00,
14.28,20.00,20.11,-0.12,-308.24,2,40.00,
14.32,20.00,20.10,-0.11,-277.42,2,40.00,
14.36,20.00,20.09,-0.10,-249.68,2,40.00,
14.40,20.00,20.08,-0.09,-224.71,2,40.00,
14.44,20.00,20.07,-0.08,-202.24,2,40.00,
14.48,20.00,20.07,-0.07,-182.02,2,40.00,
14.52,20.00,20.06,-0.07,-163.82,2,40.00,
14.56,20.00,20.05,-0.06,-147.44,2,40.00,
14.60,20.00,20.05,-0.05,-132.70,2,40.00,
14.64,20.00,20.04,-0.05,-119.43,2,40.00,
14.68,20.00,20.04,-0.04,-107.49,2,40.00,
14.72,20.00,20.03,-0.04,-96.74,2,40.00,
14.76,20.00,20.03,-0.03,-87.06,2,40.00,
14.80,20.00,20.03,-0.03,-78.36,2,40.00,
14.84,20.00,20.02,-0.03,-70.52,2,40.00,
14.88,20.00,20.02,-0.02,-63.47,2,40.00,
14.92,20.00,20.02,-0.02,-57.12,2,40.00,
14.96,20.00,20.02,-0.02,-51.41,2,40.00,
15.00,20.00,20.02,-0.02,-46.27,2,40.00,
15.04,20.00,20.01,-0.02,-41.64,2,40.00,
15.08,20.00,20.01,-0.01,-37.48,2,40.00,
15.12,20.00,20.01,-0.01,-33.73,2,40.00,
15.16,20.00,20.01,-0.01,-30.36,2,40.00,
15.20,20.00,20.01,-0.01,-27.32,2,40.00,
15.24,20.00,20.01,-0.01,-24.59,2,40.00,
15.28,20.00,20.01,-0.01,-22.13,2,40.00,
15.32,20.00,20.01,-0.01,-19.92,2,40.00,
15.36,20.00,20.01,-0.01,-17.93,2,40.00,
15.40,20.00,20.01,-0.01,-16.14,2,40.00,
15.44,20.00,20.00,-0.01,-14.52,2,40.00,
15.48,20.00,20.00,-0.00,-13.07,2,40.00,
15.52,20.00,20.00,-0.00,-11.76,2,40.00,
15.56,20.00,20.00,-0.00,-10.59,2,40.00,
15.60,20.00,20.00,-0.00,-9.53,2,40.00,
15.64,20.00,20.00,-0.00,-8.58,2,40.00,
15.68,20.00,20.00,-0.00,-7.72,2,40.00,
15.72,20.00,20.00,-0.00,-6.95,2,40.00,
15.76,20.00,20.00,-0.00,-6.25,2,40.00,
15.80,20.00,20.00,-0.00,-5.63,2,40.00,
15.84,20.00,20.00,-0.00,-5.06,2,40.00,
15.88,20.00,20.00,-0.00,-4.56,2,40.00,
15.92,20.00,20.00,-0.00,-4.10,2,40.00,
15.96,20.00,20.00,-0.00,-3.69,2,40.00,
16.00,20.00,20.00,-0.00,-3.32,2,40.00,
16.04,20.00,20.00,-0.00,-2.99,2,40.00,
16.08,20.00,20.00,-0.00,-2.69,2,40.00,
16.12,20.00,20.00,-0.00,-2.42,2,40.00,
16.16,20.00,20.00,-0.00,-2.18,2,40.00,
16.20,20.00,20.00,-0.00,-1.96,2,40.00,
16.24,20.00,20.00,-0.00,-1.77,2,40.00,
16.28,20.00,20.00,-0.00,-1.59,2,40.00,
16.32,20.00,20.00,-0.00,-1.43,2,40.00,
16.36,20.00,20.00,-0.00,-1.29,2,40.00,
16.40,20.00,20.00,0.00,-1.16,2,40.00,
16.44,20.00,20.00,0.00,-1.04,2,40.00,
16.48,20.00,20.00,0.00,-0.94,2,40.00,
16.52,20.00,20.00,0.00,-0.84,2,40.00,
16.56,20.00,20.00,0.00,-0.76,2,40.00,
16.60,20.00,20.00,0.00,-0.68,2,40.00,
16.64,20.00,20.00,0.00,-0.62,2,40.00,
16.68,20.00,20.00,0.00,-0.55,2,40.00,
16.72,20.00,20.00,0.00,-0.50,2,40.00,
16.76,20.00,20.00,0.00,-0.45,2,40.00,
16.80,20.00,20.00,0.00,-0.40,2,40.00,
16.84,20.00,20.00,0.00,-0.36,2,40.00,
16.88,20.00,20.00,0.00,-0.33,2,40.00,
16.92,20.00,20.00,0.00,-0.29,2,40.00,
16.96,20.00,20.00,0.00,-0.27,2,40.00,
17.00,20.00,20.00,0.00,-0.24,2,40.00,
17.04,20.00,20.00,0.00,-0.21,2,40.00,
17.08,20.00,20.00,0.00,-0.19,2,40.00,
17.12,20.00,20.00,0.00,-0.17,2,40.00,
17.16,20.00,20.00,0.00,-0.16,2,40.00,
17.20,20.00,20.00,0.00,-0.14,2,40.00,
17.24,20.00,20.00,0.00,-0.13,2,40.00,
17.28,20.00,20.00,0.00,-0.11,2,40.00,
17.32,20.00,20.00,0.00,-0.10,2,40.00,
17.36,20.00,20.00,0.00,-0.09,2,40.00,
17.40,20.00,20.00,0.00,-0.08,2,40.00,
17.44,20.00,20.00,0.00,-0.07,2,40.00,
17.48,20.00,20.00,0.00,-0.07,2,40.00,
17.52,20.00,20.00,0.00,-0.06,2,40.00,
17.56,20.00,20.00,0.00,-0.05,2,40.00,
17.60,20.00,20.00,0.00,-0.05,2,40.00,
17.64,20.00,20.00,0.00,-0.04,2,40.00,
17.68,20.00,20.00,0.00,-0.04,2,40.00,
17.72,20.00,20.00,0.00,-0.04,2,40.00,
17.76,20.00,20.00,0.00,-0.03,2,40.00,
17.80,20.00,20.00,0.00,-0.03,2,40.00,
17.84,20.00,20.00,0.00,-0.03,2,40.00,
17.88,20.00,20.00,0.00,-0.02,2,40.00,
17.92,20.00,20.00,0.00,-0.02,2,40.00,
17.96,20.00,20.00,0.00,-0.02,2,40.00,
18.00,20.00,20.00,0.00,-0.02,2,40.00,
18.04,20.00,20.00,0.00,-0.02,2,40.00,
18.08,20.00,20.00,0.00,-0.01,2,40.00,
18.12,20.00,20.00,0.00,-0.01,2,40.00,
18.16,20.00,20.00,0.00,-0.01,2,40.00,
18.20,20.00,20.00,0.00,-0.01,2,40.00,
18.24,20.00,20.00,0.00,-0.01,2,40.00,
18.28,20.00,20.00,0.00,-0.01,2,40.00,
18.32,20.00,20.00,0.00,-0.01,2,40.00,
18.36,20.00,20.00,0.00,-0.01,2,40.00,
18.40,20.00,20.00,0.00,-0.01,2,40.00,
18.44,20.00,20.00,0.00,-0.01,2,40.00,
18.48,20.00,20.00,0.00,-0.00,2,40.00,
18.52,20.00,20.00,0.00,-0.00,2,40.00,
18.56,20.00,20.00,0.00,-0.00,2,40.00,
18.60,20.00,20.00,0.00,-0.00,2,40.00,
18.64,20.00,20.00,0.00,-0.00,2,40.00,
18.68,20.00,20.00,0.00,-0.00,2,40.00,
18.72,20.00,20.00,0.00,-0.00,2,40.00,
18.76,20.00,20.00,0.00,-0.00,2,40.00,
18.80,20.00,20.00,0.00,-0.00,2,40.00,
18.84,20.00,20.00,0.00,-0.00,2,40.00,
18.88,20.00,20.00,0.00,-0.00,2,40.00,
18.92,20.00,20.00,0.00,-0.00,2,40.00,
18.96,20.00,20.00,0.00,-0.00,2,40.00,
19.00,20.00,20.00,0.00,-0.00,2,40.00,
19.04,20.00,20.00,0.00,-0.00,2,40.00,
19.08,20.00,20.00,0.00,-0.00,2,40.00,
19.12,20.00,20.00,0.00,-0.00,2,40.00,
19.16,20.00,20.00,0.00,-0.00,2,40.00,
19.20,20.00,20.00,0.00,-0.00,2,40.00,
19.24,20.00,20.00,0.00,-0.00,2,40.00,
19.28,20.00,20.00,0.00,-0.00,2,40.00,
19.32,20.00,20.00,0.00,-0.00,2,40.00,
19.36,20.00,20.00,0.00,-0.00,2,40.00,
19.40,20.00,20.00,0.00,-0.00,2,40.00,
19.44,20.00,20.00,0.00,-0.00,2,40.00,
19.48,20.00,20.00,0.00,-0.00,2,40.00,
19.52,20.00,20.00,0.00,-0.00,2,40.00,
19.56,20.00,20.00,0.00,-0.00,2,40.00,
19.60,20.00,20.00,0.00,-0.00,2,40.00,
19.64,20.00,20.00,0.00,-0.00,2,40.00,
19.68,20.00,20.00,0.00,-0.00,2,40.00,
19.72,20.00,20.00,0.00,-0.00,2,40.00,
19.76,20.00,20.00,0.00,-0.00,2,40.00,
19.80,20.00,20.00,0.00,-0.00,2,40.00,
19.84,20.00,20.00,0.00,-0.00,2,40.00,
19.88,20.00,20.00,0.00,-0.00,2,40.00,
19.92,20.00,20.00,0.00,-0.00,2,40.00,
19.96,20.00,20.00,0.00,-0.00,2,40.00,
20.00,20.00,20.00,0.00,-0.00,2,40.00,
20.04,20.00,20.00,0.00,-0.00,2,40.00,
20.08,20.00,20.00,0.00,-0.00,2,40.00,
20.12,20.00,20.00,0.00,-0.00,2,40.00,
20.16,20.00,20.00,0.00,-0.00,2,40.00,
20.20,20.00,20.00,0.00,0.00,2,40.00,
20.24,20.00,20.00,0.00,0.00,2,40.00,
20.28,20.00,20.00,0.00,0.00,2,40.00,
20.32,20.00,20.00,0.00,0.00,2,40.00,
20.36,20.00,20.00,0.00,0.00,2,40.00,
20.40,20.00,20.00,0.00,0.00,2,40.00,
20.44,20.00,20.00,0.00,0.00,2,40.00,
20.48,20.00,20.00,0.00,0.00,2,40.00,
20.52,20.00,20.00,0.00,0.00,2,40.00,
20.56,20.00,20.00,0.00,0.00,2,40.00,
20.60,20.00,20.00,0.00,0.00,2,40.00,
20.64,20.00,20.00,0.00,0.00,2,40.00,
20.68,20.00,20.00,0.00,0.00,2,40.00,
20.72,20.00,20.00,0.00,0.00,2,40.00,
20.76,20.00,20.00,0.00,0.00,2,40.00,
20.80,20.00,20.00,0.00,0.00,2,40.00,
20.84,20.00,20.00,0.00,0.00,2,40.00,
20.88,20.00,20.00,0.00,0.00,2,40.00,
20.92,20.00,20.00,0.00,0.00,2,40.00,
20.96,20.00,20.00,0.00,0.00,2,40.00,
21.00,20.00,20.00,0.00,0.00,2,40.00,
21.04,20.00,20.00,0.00,0.00,2,40.00,
21.08,20.00,20.00,0.00,0.00,2,40.00,
21.12,20.00,20.00,0.00,0.00,2,40.00,
21.16,20.00,20.00,0.00,0.00,2,40.00,
21.20,20.00,20.00,0.00,0.00,2,40.00,
21.24,20.00,20.00,0.00,0.00,2,40.00,
21.28,20.00,20.00,0.00,0.00,2,40.00,
21.32,20.00,20.00,0.00,0.00,2,40.00,
21.36,20.00,20.00,0.00,0.00,2,40.00,
21.40,20.00,20.00,0.00,0.00,2,40.00,
21.44,20.00,20.00,0.00,0.00,2,40.00,
21.48,20.00,20.00,0.00,0.00,2,40.00,
21.52,20.00,20.00,0.00,0.00,2,40.00,
21.56,20.00,20.00,0.00,0.00,2,40.00,
21.60,20.00,20.00,0.00,0.00,2,40.00,
21.64,20.00,20.00,0.00,0.00,2,40.00,
21.68,20.00,20.00,0.00,0.00,2,40.00,
21.72,20.00,20.00,0.00,0.00,2,40.00,
21.76,20.00,20.00,0.00,0.00,2,40.00,
21.80,20.00,20.00,0.00,0.00,2,40.00,
21.84,20.00,20.00,0.00,0.00,2,40.00,
21.88,20.00,20.00,0.00,0.00,2,40.00,
21.92,20.00,20.00,0.00,0.00,2,40.00,
21.96,20.00,20.00,0.00,0.00,2,40.00,
22.00,20.00,20.00,0.00,0.00,2,40.00,
22.04,20.00,20.00,0.00,0.00,2,40.00,
22.08,20.00,20.00,0.00,0.00,2,40.00,
22.12,20.00,20.00,0.00,0.00,2,40.00,
22.16,20.00,20.00,0.00,0.00,2,40.00,
22.20,20.00,20.00,0.00,0.00,2,40.00,
22.24,20.00,20.00,0.00,0.00,2,40.00,
22.28,20.00,20.00,0.00,0.00,2,40.00,
22.32,20.00,20.00,0.00,0.00,2,40.00,
22.36,20.00,20.00,0.00,0.00,2,40.00,
22.40,20.00,20.00,0.00,0.00,2,40.00,
22.44,20.00,20.00,0.00,0.00,2,40.00,
22.48,20.00,20.00,0.00,0.00,2,40.00,
22.52,20.00,20.00,0.00,0.00,2,40.00,
22.56,20.00,20.00,0.00,0.00,2,40.00,
22.60,20.00,20.00,0.00,0.00,2,40.00,
22.64,20.00,20.00,0.00,0.00,2,40.00,
22.68,20.00,20.00,0.00,0.00,2,40.00,
22.72,20.00,20.00,0.00,0.00,2,40.00,
22.76,20.00,20.00,0.00,0.00,2,40.00,
22.80,20.00,20.00,0.00,0.00,2,40.00,
22.84,20.00,20.00,0.00,0.00,2,40.00,
22.88,20.00,20.00,0.00,0.00,2,40.00,
22.92,20.00,20.00,0.00,0.00,2,40.00,
22.96,20.00,20.00,0.00,0.00,2,40.00,
23.00,20.00,20.00,0.00,0.00,2,40.00,
23.04,20.00,20.00,0.00,0.00,2,40.00,
23.08,20.00,20.00,0.00,0.00,2,40.00,
23.12,20.00,20.00,0.00,0.00,2,40.00,
23.16,20.00,20.00,0.00,0.00,2,40.00,
23.20,20.00,20.00,0.00,0.00,2,40.00,
23.24,20.00,20.00,0.00,0.00,2,40.00,
23.28,20.00,20.00,0.00,0.00,2,40.00,
23.32,20.00,20.00,0.00,0.00,2,40.00,
23.36,20.00,20.00,0.00,0.00,2,40.00,
23.40,20.00,20.00,0.00,0.00,2,40.00,
23.44,20.00,20.00,0.00,0.00,2,40.00,
23.48,20.00,20.00,0.00,0.00,2,40.00,
23.52,20.00,20.00,0.00,0.00,2,40.00,
23.56,20.00,20.00,0.00,0.00,2,40.00,
23.60,20.00,20.00,0.00,0.00,2,40.00,
23.64,20.00,20.00,0.00,0.00,2,40.00,
23.68,20.00,20.00,0.00,0.00,2,40.00,
23.72,20.00,20.00,0.00,0.00,2,40.00,
23.76,20.00,20.00,0.00,0.00,2,40.00,
23.80,20.00,20.00,0.00,0.00,2,40.00,
23.84,20.00,20.00,0.00,0.00,2,40.00,
23.88,20.00,20.00,0.00,0.00,2,40.00,
23.92,20.00,20.00,0.00,0.00,2,40.00,
23.96,20.00,20.00,0.00,0.00,2,40.00,
24.00,90.00,20.00,0.00,0.00,0,10.00,No people in room
24.04,90.00,20.00,0.00,0.00,0,10.00,No people in room
24.08,90.00,20.00,0.00,0.00,0,10.00,No people in room
24.12,90.00,20.00,0.00,0.00,0,10.00,No people in room
24.16,90.00,20.00,0.00,0.00,0,10.00,No people in room
24.20,90.00,20.00,0.00,0.00,0,10.00,No people in room
24.24,90.00,20.00,0.00,0.00,0,10.00,No people in room
24.28,90.00,20.00,0.00,0.00,0,10.00,No people in room
24.32,90.00,20.00,0.00,0.00,0,10.00,No people in room
24.36,90.00,20.00,0.00,0.00,0,10.00,No people in room
24.40,90.00,20.00,0.00,0.00,0,10.00,No people in room
24.44,90.00,20.00,0.00,0.00,0,10.00,No people in room
24.48,90.00,20.00,0.00,0.00,0,10.00,No people in room
24.52,90.00,20.00,0.00,0.00,0,10.00,No people in room
24.56,90.00,20.00,0.00,0.00,0,10.00,No people in room
24.60,90.00,20.00,0.00,0.00,0,10.00,No people in room
24.64,90.00,20.00,0.00,0.00,0,10.00,No people in room
24.68,90.00,20.00,0.00,0.00,0,10.00,No people in room
24.72,90.00,20.00,0.00,0.00,0,10.00,No people in room
24.76,90.00,20.00,0.00,0.00,0,10.00,No people in room
24.80,90.00,20.00,0.00,0.00,0,10.00,No people in room
24.84,90.00,20.00,0.00,0.00,0,10.00,No people in room
24.88,90.00,20.00,0.00,0.00,0,10.00,No people in room
24.92,90.00,20.00,0.00,0.00,0,10.00,No people in room
24.96,90.00,20.00,0.00,0.00,0,10.00,No people in room
25.00,90.00,20.00,0.00,0.00,0,10.00,No people in room
25.04,90.00,20.00,0.00,0.00,0,10.00,No people in room
25.08,90.00,20.00,0.00,0.00,0,10.00,No people in room
25.12,90.00,20.00,0.00,0.00,0,10.00,No people in room
25.16,90.00,20.00,0.00,0.00,0,10.00,No people in room
25.20,90.00,20.00,0.00,0.00,0,10.00,No people in room
25.24,90.00,20.00,0.00,0.00,0,10.00,No people in room
25.28,90.00,20.00,0.00,0.00,0,10.00,No people in room
25.32,90.00,20.00,0.00,0.00,0,10.00,No people in room
25.36,90.00,20.00,0.00,0.00,0,10.00,No people in room
25.40,90.00,20.00,0.00,0.00,0,10.00,No people in room
25.44,90.00,20.00,0.00,0.00,0,10.00,No people in room
25.48,90.00,20.00,0.00,0.00,0,10.00,No people in room
25.52,90.00,20.00,0.00,0.00,0,10.00,No people in room
25.56,90.00,20.00,0.00,0.00,0,10.00,No people in room
25.60,90.00,20.00,0.00,0.00,0,10.00,No people in room
25.64,90.00,20.00,0.00,0.00,0,10.00,No people in room
25.68,90.00,20.00,0.00,0.00,0,10.00,No people in room
25.72,90.00,20.00,0.00,0.00,0,10.00,No people in room
25.76,90.00,20.00,0.00,0.00,0,10.00,No people in room
25.80,90.00,20.00,0.00,0.00,0,10.00,No people in room
25.84,90.00,20.00,0.00,0.00,0,10.00,No people in room
25.88,90.00,20.00,0.00,0.00,0,10.00,No people in room
25.92,90.00,20.00,0.00,0.00,0,10.00,No people in room
25.96,90.00,20.00,0.00,0.00,0,10.00,No people in room
26.00,90.00,20.00,0.00,0.00,0,10.00,No people in room
26.04,90.00,20.00,0.00,0.00,0,10.00,No people in room
26.08,90.00,20.00,0.00,0.00,0,10.00,No people in room
26.12,90.00,20.00,0.00,0.00,0,10.00,No people in room
26.16,90.00,20.00,0.00,0.00,0,10.00,No people in room
26.20,90.00,20.00,0.00,0.00,0,10.00,No people in room
26.24,90.00,20.00,0.00,0.00,0,10.00,No people in room
26.28,90.00,20.00,0.00,0.00,0,10.00,No people in room
26.32,90.00,20.00,0.00,0.00,0,10.00,No people in room
26.36,90.00,20.00,0.00,0.00,0,10.00,No people in room
26.40,90.00,20.00,0.00,0.00,0,10.00,No people in room
26.44,90.00,20.00,0.00,0.00,0,10.00,No people in room
26.48,90.00,20.00,0.00,0.00,0,10.00,No people in room
26.52,90.00,20.00,0.00,0.00,0,10.00,No people in room
26.56,90.00,20.00,0.00,0.00,0,10.00,No people in room
26.60,90.00,20.00,0.00,0.00,0,10.00,No people in room
26.64,90.00,20.00,0.00,0.00,0,10.00,No people in room
26.68,90.00,20.00,0.00,0.00,0,10.00,No people in room
26.72,90.00,20.00,0.00,0.00,0,10.00,No people in room
26.76,90.00,20.00,0.00,0.00,0,10.00,No people in room
26.80,90.00,20.00,0.00,0.00,0,10.00,No people in room
26.84,90.00,20.00,0.00,0.00,0,10.00,No people in room
26.88,90.00,20.00,0.00,0.00,0,10.00,No people in room
26.92,90.00,20.00,0.00,0.00,0,10.00,No people in room
26.96,90.00,20.00,0.00,0.00,0,10.00,No people in room
27.00,90.00,20.00,0.00,0.00,0,10.00,No people in room
27.04,90.00,20.00,0.00,0.00,0,10.00,No people in room
27.08,90.00,20.00,0.00,0.00,0,10.00,No people in room
27.12,90.00,20.00,0.00,0.00,0,10.00,No people in room
27.16,90.00,20.00,0.00,0.00,0,10.00,No people in room
27.20,90.00,20.00,0.00,0.00,0,10.00,No people in room
27.24,90.00,20.00,0.00,0.00,0,10.00,No people in room
27.28,90.00,20.00,0.00,0.00,0,10.00,No people in room
27.32,90.00,20.00,0.00,0.00,0,10.00,No people in room
27.36,90.00,20.00,0.00,0.00,0,10.00,No people in room
27.40,90.00,20.00,0.00,0.00,0,10.00,No people in room
27.44,90.00,20.00,0.00,0.00,0,10.00,No people in room
27.48,90.00,20.00,0.00,0.00,0,10.00,No people in room
27.52,90.00,20.00,0.00,0.00,0,10.00,No people in room
27.56,90.00,20.00,0.00,0.00,0,10.00,No people in room
27.60,90.00,20.00,0.00,0.00,0,10.00,No people in room
27.64,90.00,20.00,0.00,0.00,0,10.00,No people in room
27.68,90.00,20.00,0.00,0.00,0,10.00,No people in room
27.72,90.00,20.00,0.00,0.00,0,10.00,No people in room
27.76,90.00,20.00,0.00,0.00,0,10.00,No people in room
27.80,90.00,20.00,0.00,0.00,0,10.00,No people in room
27.84,90.00,20.00,0.00,0.00,0,10.00,No people in room
27.88,90.00,20.00,0.00,0.00,0,10.00,No people in room
27.92,90.00,20.00,0.00,0.00,0,10.00,No people in room
27.96,90.00,20.00,0.00,0.00,0,10.00,No people in room
28.00,90.00,20.00,0.00,0.00,0,10.00,No people in room
28.04,90.00,20.00,0.00,0.00,0,10.00,No people in room
28.08,90.00,20.00,0.00,0.00,0,10.00,No people in room
28.12,90.00,20.00,0.00,0.00,0,10.00,No people in room
28.16,90.00,20.00,0.00,0.00,0,10.00,No people in room
28.20,90.00,20.00,0.00,0.00,0,10.00,No people in room
28.24,90.00,20.00,0.00,0.00,0,10.00,No people in room
28.28,90.00,20.00,0.00,0.00,0,10.00,No people in room
28.32,90.00,20.00,0.00,0.00,0,10.00,No people in room
28.36,90.00,20.00,0.00,0.00,0,10.00,No people in room
28.40,90.00,20.00,0.00,0.00,0,10.00,No people in room
28.44,90.00,20.00,0.00,0.00,0,10.00,No people in room
28.48,90.00,20.00,0.00,0.00,0,10.00,No people in room
28.52,90.00,20.00,0.00,0.00,0,10.00,No people in room
28.56,90.00,20.00,0.00,0.00,0,10.00,No people in room
28.60,90.00,20.00,0.00,0.00,0,10.00,No people in room
28.64,90.00,20.00,0.00,0.00,0,10.00,No people in room
28.68,90.00,20.00,0.00,0.00,0,10.00,No people in room
28.72,90.00,20.00,0.00,0.00,0,10.00,No people in room
28.76,90.00,20.00,0.00,0.00,0,10.00,No people in room
28.80,90.00,20.00,0.00,0.00,0,10.00,No people in room
28.84,90.00,20.00,0.00,0.00,0,10.00,No people in room
28.88,90.00,20.00,0.00,0.00,0,10.00,No people in room
28.92,90.00,20.00,0.00,0.00,0,10.00,No people in room
28.96,90.00,20.00,0.00,0.00,0,10.00,No people in room
29.00,90.00,20.00,0.00,0.00,0,10.00,No people in room
29.04,90.00,20.00,0.00,0.00,0,10.00,No people in room
29.08,90.00,20.00,0.00,0.00,0,10.00,No people in room
29.12,90.00,20.00,0.00,0.00,0,10.00,No people in room
29.16,90.00,20.00,0.00,0.00,0,10.00,No people in room
29.20,90.00,20.00,0.00,0.00,0,10.00,No people in room
29.24,90.00,20.00,0.00,0.00,0,10.00,No people in room
29.28,90.00,20.00,0.00,0.00,0,10.00,No people in room
29.32,90.00,20.00,0.00,0.00,0,10.00,No people in room
29.36,90.00,20.00,0.00,0.00,0,10.00,No people in room
29.40,90.00,20.00,0.00,0.00,0,10.00,No people in room
29.44,90.00,20.00,0.00,0.00,0,10.00,No people in room
29.48,90.00,20.00,0.00,0.00,0,10.00,No people in room
29.52,90.00,20.00,0.00,0.00,0,10.00,No people in room
29.56,90.00,20.00,0.00,0.00,0,10.00,No people in room
29.60,90.00,20.00,0.00,0.00,0,10.00,No people in room
29.64,90.00,20.00,0.00,0.00,0,10.00,No people in room
29.68,90.00,20.00,0.00,0.00,0,10.00,No people in room
29.72,90.00,20.00,0.00,0.00,0,10.00,No people in room
29.76,90.00,20.00,0.00,0.00,0,10.00,No people in room
29.80,90.00,20.00,0.00,0.00,0,10.00,No people in room
29.84,90.00,20.00,0.00,0.00,0,10.00,No people in room
29.88,90.00,20.00,0.00,0.00,0,10.00,No people in room
29.92,90.00,20.00,0.00,0.00,0,10.00,No people in room
29.96,90.00,20.00,0.00,0.00,0,10.00,No people in room
30.00,90.00,20.00,0.00,0.00,0,10.00,No people in room
30.04,90.00,20.00,0.00,0.00,0,10.00,No people in room
30.08,90.00,20.00,0.00,0.00,0,10.00,No people in room
30.12,90.00,20.00,0.00,0.00,0,10.00,No people in room
30.16,90.00,20.00,0.00,0.00,0,10.00,No people in room
30.20,90.00,20.00,0.00,0.00,0,10.00,No people in room
30.24,90.00,20.00,0.00,0.00,0,10.00,No people in room
30.28,90.00,20.00,0.00,0.00,0,10.00,No people in room
30.32,90.00,20.00,0.00,0.00,0,10.00,No people in room
30.36,90.00,20.00,0.00,0.00,0,10.00,No people in room
30.40,90.00,20.00,0.00,0.00,0,10.00,No people in room
30.44,90.00,20.00,0.00,0.00,0,10.00,No people in room
30.48,90.00,20.00,0.00,0.00,0,10.00,No people in room
30.52,90.00,20.00,0.00,0.00,0,10.00,No people in room
30.56,90.00,20.00,0.00,0.00,0,10.00,No people in room
30.60,90.00,20.00,0.00,0.00,0,10.00,No people in room
30.64,90.00,20.00,0.00,0.00,0,10.00,No people in room
30.68,90.00,20.00,0.00,0.00,0,10.00,No people in room
30.72,90.00,20.00,0.00,0.00,0,10.00,No people in room
30.76,90.00,20.00,0.00,0.00,0,10.00,No people in room
30.80,90.00,20.00,0.00,0.00,0,10.00,No people in room
30.84,90.00,20.00,0.00,0.00,0,10.00,No people in room
30.88,90.00,20.00,0.00,0.00,0,10.00,No people in room
30.92,90.00,20.00,0.00,0.00,0,10.00,No people in room
30.96,90.00,20.00,0.00,0.00,0,10.00,No people in room
31.00,90.00,20.00,0.00,0.00,0,10.00,No people in room
31.04,90.00,20.00,0.00,0.00,0,10.00,No people in room
31.08,90.00,20.00,0.00,0.00,0,10.00,No people in room
31.12,90.00,20.00,0.00,0.00,0,10.00,No people in room
31.16,90.00,20.00,0.00,0.00,0,10.00,No people in room
31.20,90.00,20.00,0.00,0.00,0,10.00,No people in room
31.24,90.00,20.00,0.00,0.00,0,10.00,No people in room
31.28,90.00,20.00,0.00,0.00,0,10.00,No people in room
31.32,90.00,20.00,0.00,0.00,0,10.00,No people in room
31.36,90.00,20.00,0.00,0.00,0,10.00,No people in room
31.40,90.00,20.00,0.00,0.00,0,10.00,No people in room
31.44,90.00,20.00,0.00,0.00,0,10.00,No people in room
31.48,90.00,20.00,0.00,0.00,0,10.00,No people in room
31.52,90.00,20.00,0.00,0.00,0,10.00,No people in room
31.56,90.00,20.00,0.00,0.00,0,10.00,No people in room
31.60,90.00,20.00,0.00,0.00,0,10.00,No people in room
31.64,90.00,20.00,0.00,0.00,0,10.00,No people in room
31.68,90.00,20.00,0.00,0.00,0,10.00,No people in room
31.72,90.00,20.00,0.00,0.00,0,10.00,No people in room
31.76,90.00,20.00,0.00,0.00,0,10.00,No people in room
31.80,90.00,20.00,0.00,0.00,0,10.00,No people in room
31.84,90.00,20.00,0.00,0.00,0,10.00,No people in room
31.88,90.00,20.00,0.00,0.00,0,10.00,No people in room
31.92,90.00,20.00,0.00,0.00,0,10.00,No people in room
31.96,90.00,20.00,0.00,0.00,0,10.00,No people in room
32.00,90.00,20.00,0.00,0.00,0,10.00,No people in room
32.04,90.00,20.00,0.00,0.00,0,10.00,No people in room
32.08,90.00,20.00,0.00,0.00,0,10.00,No people in room
32.12,90.00,20.00,0.00,0.00,0,10.00,No people in room
32.16,90.00,20.00,0.00,0.00,0,10.00,No people in room
32.20,90.00,20.00,0.00,0.00,0,10.00,No people in room
32.24,90.00,20.00,0.00,0.00,0,10.00,No people in room
32.28,90.00,20.00,0.00,0.00,0,10.00,No people in room
32.32,90.00,20.00,0.00,0.00,0,10.00,No people in room
32.36,90.00,20.00,0.00,0.00,0,10.00,No people in room
32.40,90.00,20.00,0.00,0.00,0,10.00,No people in room
32.44,90.00,20.00,0.00,0.00,0,10.00,No people in room
32.48,90.00,20.00,0.00,0.00,0,10.00,No people in room
32.52,90.00,20.00,0.00,0.00,0,10.00,No people in room
32.56,90.00,20.00,0.00,0.00,0,10.00,No people in room
32.60,90.00,20.00,0.00,0.00,0,10.00,No people in room
32.64,90.00,20.00,0.00,0.00,0,10.00,No people in room
32.68,90.00,20.00,0.00,0.00,0,10.00,No people in room
32.72,90.00,20.00,0.00,0.00,0,10.00,No people in room
32.76,90.00,20.00,0.00,0.00,0,10.00,No people in room
32.80,90.00,20.00,0.00,0.00,0,10.00,No people in room
32.84,90.00,20.00,0.00,0.00,0,10.00,No people in room
32.88,90.00,20.00,0.00,0.00,0,10.00,No people in room
32.92,90.00,20.00,0.00,0.00,0,10.00,No people in room
32.96,90.00,20.00,0.00,0.00,0,10.00,No people in room
33.00,90.00,20.00,0.00,0.00,0,10.00,No people in room
33.04,90.00,20.00,0.00,0.00,0,10.00,No people in room
33.08,90.00,20.00,0.00,0.00,0,10.00,No people in room
33.12,90.00,20.00,0.00,0.00,0,10.00,No people in room
33.16,90.00,20.00,0.00,0.00,0,10.00,No people in room
33.20,90.00,20.00,0.00,0.00,0,10.00,No people in room
33.24,90.00,20.00,0.00,0.00,0,10.00,No people in room
33.28,90.00,20.00,0.00,0.00,0,10.00,No people in room
33.32,90.00,20.00,0.00,0.00,0,10.00,No people in room
33.36,90.00,20.00,0.00,0.00,0,10.00,No people in room
33.40,90.00,20.00,0.00,0.00,0,10.00,No people in room
33.44,90.00,20.00,0.00,0.00,0,10.00,No people in room
33.48,90.00,20.00,0.00,0.00,0,10.00,No people in room
33.52,90.00,20.00,0.00,0.00,0,10.00,No people in room
33.56,90.00,20.00,0.00,0.00,0,10.00,No people in room
33.60,90.00,20.00,0.00,0.00,0,10.00,No people in room
33.64,90.00,20.00,0.00,0.00,0,10.00,No people in room
33.68,90.00,20.00,0.00,0.00,0,10.00,No people in room
33.72,90.00,20.00,0.00,0.00,0,10.00,No people in room
33.76,90.00,20.00,0.00,0.00,0,10.00,No people in room
33.80,90.00,20.00,0.00,0.00,0,10.00,No people in room
33.84,90.00,20.00,0.00,0.00,0,10.00,No people in room
33.88,90.00,20.00,0.00,0.00,0,10.00,No people in room
33.92,90.00,20.00,0.00,0.00,0,10.00,No people in room
33.96,90.00,20.00,0.00,0.00,0,10.00,No people in room
34.00,90.00,20.00,0.00,0.00,0,10.00,No people in room
34.04,90.00,20.00,0.00,0.00,0,10.00,No people in room
34.08,90.00,20.00,0.00,0.00,0,10.00,No people in room
34.12,90.00,20.00,0.00,0.00,0,10.00,No people in room
34.16,90.00,20.00,0.00,0.00,0,10.00,No people in room
34.20,90.00,20.00,0.00,0.00,0,10.00,No people in room
34.24,90.00,20.00,0.00,0.00,0,10.00,No people in room
34.28,90.00,20.00,0.00,0.00,0,10.00,No people in room
34.32,90.00,20.00,0.00,0.00,0,10.00,No people in room
34.36,90.00,20.00,0.00,0.00,0,10.00,No people in room
34.40,90.00,20.00,0.00,0.00,0,10.00,No people in room
34.44,90.00,20.00,0.00,0.00,0,10.00,No people in room
34.48,90.00,20.00,0.00,0.00,0,10.00,No people in room
34.52,90.00,20.00,0.00,0.00,0,10.00,No people in room
34.56,90.00,20.00,0.00,0.00,0,10.00,No people in room
34.60,90.00,20.00,0.00,0.00,0,10.00,No people in room
34.64,90.00,20.00,0.00,0.00,0,10.00,No people in room
34.68,90.00,20.00,0.00,0.00,0,10.00,No people in room
34.72,90.00,20.00,0.00,0.00,0,10.00,No people in room
34.76,90.00,20.00,0.00,0.00,0,10.00,No people in room
34.80,90.00,20.00,0.00,0.00,0,10.00,No people in room
34.84,90.00,20.00,0.00,0.00,0,10.00,No people in room
34.88,90.00,20.00,0.00,0.00,0,10.00,No people in room
34.92,90.00,20.00,0.00,0.00,0,10.00,No people in room
34.96,90.00,20.00,0.00,0.00,0,10.00,No people in room
35.00,90.00,20.00,0.00,0.00,0,10.00,No people in room
35.04,90.00,20.00,0.00,0.00,0,10.00,No people in room
35.08,90.00,20.00,0.00,0.00,0,10.00,No people in room
35.12,90.00,20.00,0.00,0.00,0,10.00,No people in room
35.16,90.00,20.00,0.00,0.00,0,10.00,No people in room
35.20,90.00,20.00,0.00,0.00,0,10.00,No people in room
35.24,90.00,20.00,0.00,0.00,0,10.00,No people in room
35.28,90.00,20.00,0.00,0.00,0,10.00,No people in room
35.32,90.00,20.00,0.00,0.00,0,10.00,No people in room
35.36,90.00,20.00,0.00,0.00,0,10.00,No people in room
35.40,90.00,20.00,0.00,0.00,0,10.00,No people in room
35.44,90.00,20.00,0.00,0.00,0,10.00,No people in room
35.48,90.00,20.00,0.00,0.00,0,10.00,No people in room
35.52,90.00,20.00,0.00,0.00,0,10.00,No people in room
35.56,90.00,20.00,0.00,0.00,0,10.00,No people in room
35.60,90.00,20.00,0.00,0.00,0,10.00,No people in room
35.64,90.00,20.00,0.00,0.00,0,10.00,No people in room
35.68,90.00,20.00,0.00,0.00,0,10.00,No people in room
35.72,90.00,20.00,0.00,0.00,0,10.00,No people in room
35.76,90.00,20.00,0.00,0.00,0,10.00,No people in room
35.80,90.00,20.00,0.00,0.00,0,10.00,No people in room
35.84,90.00,20.00,0.00,0.00,0,10.00,No people in room
35.88,90.00,20.00,0.00,0.00,0,10.00,No people in room
35.92,90.00,20.00,0.00,0.00,0,10.00,No people in room
35.96,90.00,20.00,0.00,0.00,0,10.00,No people in room
36.00,30.00,21.00,10.00,25005.12,4,60.00,
36.04,30.00,21.90,9.00,22499.22,4,60.00,
36.08,30.00,22.71,8.10,20249.44,4,60.00,
36.12,30.00,23.44,7.29,18224.63,4,60.00,
36.16,30.00,24.09,6.56,16402.29,4,60.00,
36.20,30.00,24.69,5.91,14762.16,4,60.00,
36.24,30.00,25.22,5.31,13286.05,4,60.00,
36.28,30.00,25.69,4.78,11957.53,4,60.00,
36.32,30.00,26.13,4.31,10761.85,4,60.00,
36.36,30.00,26.51,3.87,9685.74,4,60.00,
36.40,30.00,26.86,3.49,8717.23,4,60.00,
36.44,30.00,27.18,3.14,7845.56,4,60.00,
36.48,30.00,27.46,2.82,7061.06,4,60.00,
36.52,30.00,27.71,2.54,6355.00,4,60.00,
36.56,30.00,27.94,2.29,5719.54,4,60.00,
36.60,30.00,28.15,2.06,5147.62,4,60.00,
36.64,30.00,28.33,1.85,4632.89,4,60.00,
36.68,30.00,28.50,1.67,4169.64,4,60.00,
36.72,30.00,28.65,1.50,3752.70,4,60.00,
36.76,30.00,28.78,1.35,3377.45,4,60.00,
36.80,30.00,28.91,1.22,3039.73,4,60.00,
36.84,30.00,29.02,1.09,2735.78,4,60.00,
36.88,30.00,29.11,0.98,2462.22,4,60.00,
36.92,30.00,29.20,0.89,2216.01,4,60.00,
36.96,30.00,29.28,0.80,1994.43,4,60.00,
37.00,30.00,29.35,0.72,1795.00,4,60.00,
37.04,30.00,29.42,0.65,1615.51,4,60.00,
37.08,30.00,29.48,0.58,1453.97,4,60.00,
37.12,30.00,29.53,0.52,1308.58,4,60.00,
37.16,30.00,29.58,0.47,1177.73,4,60.00,
37.20,30.00,29.62,0.42,1059.97,4,60.00,
37.24,30.00,29.66,0.38,953.98,4,60.00,
37.28,30.00,29.69,0.34,858.58,4,60.00,
37.32,30.00,29.72,0.31,772.73,4,60.00,
37.36,30.00,29.75,0.28,695.46,4,60.00,
37.40,30.00,29.77,0.25,625.92,4,60.00,
37.44,30.00,29.80,0.23,563.33,4,60.00,
37.48,30.00,29.82,0.20,507.00,4,60.00,
37.52,30.00,29.84,0.18,456.31,4,60.00,
37.56,30.00,29.85,0.16,410.68,4,60.00,
37.60,30.00,29.87,0.15,369.61,4,60.00,
37.64,30.00,29.88,0.13,332.65,4,60.00,
37.68,30.00,29.89,0.12,299.39,4,60.00,
37.72,30.00,29.90,0.11,269.45,4,60.00,
37.76,30.00,29.91,0.10,242.51,4,60.00,
37.80,30.00,29.92,0.09,218.26,4,60.00,
37.84,30.00,29.93,0.08,196.44,4,60.00,
37.88,30.00,29.94,0.07,176.79,4,60.00,
37.92,30.00,29.94,0.06,159.12,4,60.00,
37.96,30.00,29.95,0.06,143.21,4,60.00,
38.00,30.00,29.95,0.05,128.89,4,60.00,
38.04,30.00,29.96,0.05,116.00,4,60.00,
38.08,30.00,29.96,0.04,104.40,4,60.00,
38.12,30.00,29.97,0.04,93.96,4,60.00,
38.16,30.00,29.97,0.03,84.56,4,60.00,
38.20,30.00,29.97,0.03,76.11,4,60.00,
38.24,30.00,29.98,0.03,68.50,4,60.00,
38.28,30.00,29.98,0.02,61.65,4,60.00,
38.32,30.00,29.98,0.02,55.48,4,60.00,
38.36,30.00,29.98,0.02,49.94,4,60.00,
38.40,30.00,29.98,0.02,44.94,4,60.00,
38.44,30.00,29.99,0.02,40.45,4,60.00,
38.48,30.00,29.99,0.01,36.40,4,60.00,
38.52,30.00,29.99,0.01,32.76,4,60.00,
38.56,30.00,29.99,0.01,29.49,4,60.00,
38.60,30.00,29.99,0.01,26.54,4,60.00,
38.64,30.00,29.99,0.01,23.89,4,60.00,
38.68,30.00,29.99,0.01,21.50,4,60.00,
38.72,30.00,29.99,0.01,19.35,4,60.00,
38.76,30.00,29.99,0.01,17.41,4,60.00,
38.80,30.00,29.99,0.01,15.67,4,60.00,
38.84,30.00,29.99,0.01,14.10,4,60.00,
38.88,30.00,30.00,0.01,12.69,4,60.00,
38.92,30.00,30.00,0.00,11.42,4,60.00,
38.96,30.00,30.00,0.00,10.28,4,60.00,
39.00,30.00,30.00,0.00,9.25,4,60.00,
39.04,30.00,30.00,0.00,8.33,4,60.00,
39.08,30.00,30.00,0.00,7.50,4,60.00,
39.12,30.00,30.00,0.00,6.75,4,60.00,
39.16,30.00,30.00,0.00,6.07,4,60.00,
39.20,30.00,30.00,0.00,5.46,4,60.00,
39.24,30.00,30.00,0.00,4.92,4,60.00,
39.28,30.00,30.00,0.00,4.43,4,60.00,
39.32,30.00,30.00,0.00,3.98,4,60.00,
39.36,30.00,30.00,0.00,3.59,4,60.00,
39.40,30.00,30.00,0.00,3.23,4,60.00,
39.44,30.00,30.00,0.00,2.90,4,60.00,
39.48,30.00,30.00,0.00,2.61,4,60.00,
39.52,30.00,30.00,0.00,2.35,4,60.00,
39.56,30.00,30.00,0.00,2.12,4,60.00,
39.60,30.00,30.00,0.00,1.91,4,60.00,
39.64,30.00,30.00,0.00,1.72,4,60.00,
39.68,30.00,30.00,0.00,1.54,4,60.00,
39.72,30.00,30.00,0.00,1.39,4,60.00,
39.76,30.00,30.00,0.00,1.25,4,60.00,
39.80,30.00,30.00,0.00,1.13,4,60.00,
39.84,30.00,30.00,0.00,1.01,4,60.00,
39.88,30.00,30.00,0.00,0.91,4,60.00,
39.92,30.00,30.00,0.00,0.82,4,60.00,
39.96,30.00,30.00,0.00,0.74,4,60.00,
40.00,30.00,30.00,0.00,0.66,4,60.00,
40.04,30.00,30.00,0.00,0.60,4,60.00,
40.08,30.00,30.00,0.00,0.54,4,60.00,
40.12,30.00,30.00,0.00,0.48,4,60.00,
40.16,30.00,30.00,0.00,0.44,4,60.00,
40.20,30.00,30.00,0.00,0.39,4,60.00,
40.24,30.00,30.00,0.00,0.35,4,60.00,
40.28,30.00,30.00,0.00,0.32,4,60.00,
40.32,30.00,30.00,0.00,0.29,4,60.00,
40.36,30.00,30.00,0.00,0.26,4,60.00,
40.40,30.00,30.00,0.00,0.23,4,60.00,
40.44,30.00,30.00,0.00,0.21,4,60.00,
40.48,30.00,30.00,0.00,0.19,4,60.00,
40.52,30.00,30.00,0.00,0.17,4,60.00,
40.56,30.00,30.00,0.00,0.15,4,60.00,
40.60,30.00,30.00,0.00,0.14,4,60.00,
40.64,30.00,30.00,0.00,0.12,4,60.00,
40.68,30.00,30.00,0.00,0.11,4,60.00,
40.72,30.00,30.00,0.00,0.10,4,60.00,
40.76,30.00,30.00,0.00,0.09,4,60.00,
40.80,30.00,30.00,0.00,0.08,4,60.00,
40.84,30.00,30.00,0.00,0.07,4,60.00,
40.88,30.00,30.00,0.00,0.07,4,60.00,
40.92,30.00,30.00,0.00,0.06,4,60.00,
40.96,30.00,30.00,0.00,0.05,4,60.00,
41.00,30.00,30.00,0.00,0.05,4,60.00,
41.04,30.00,30.00,0.00,0.04,4,60.00,
41.08,30.00,30.00,0.00,0.04,4,60.00,
41.12,30.00,30.00,0.00,0.03,4,60.00,
41.16,30.00,30.00,0.00,0.03,4,60.00,
41.20,30.00,30.00,0.00,0.03,4,60.00,
41.24,30.00,30.00,0.00,0.03,4,60.00,
41.28,30.00,30.00,0.00,0.02,4,60.00,
41.32,30.00,30.00,0.00,0.02,4,60.00,
41.36,30.00,30.00,0.00,0.02,4,60.00,
41.40,30.00,30.00,0.00,0.02,4,60.00,
41.44,30.00,30.00,0.00,0.01,4,60.00,
41.48,30.00,30.00,0.00,0.01,4,60.00,
41.52,30.00,30.00,0.00,0.01,4,60.00,
41.56,30.00,30.00,0.00,0.01,4,60.00,
41.60,30.00,30.00,0.00,0.01,4,60.00,
41.64,30.00,30.00,0.00,0.01,4,60.00,
41.68,30.00,30.00,0.00,0.01,4,60.00,
41.72,30.00,30.00,0.00,0.01,4,60.00,
41.76,30.00,30.00,0.00,0.01,4,60.00,
41.80,30.00,30.00,0.00,0.01,4,60.00,
41.84,30.00,30.00,0.00,0.01,4,60.00,
41.88,30.00,30.00,0.00,0.00,4,60.00,
41.92,30.00,30.00,0.00,0.00,4,60.00,
41.96,30.00,30.00,0.00,0.00,4,60.00,
42.00,30.00,30.00,0.00,0.00,4,60.00,
42.04,30.00,30.00,0.00,0.00,4,60.00,
42.08,30.00,30.00,0.00,0.00,4,60.00,
42.12,30.00,30.00,0.00,0.00,4,60.00,
42.16,30.00,30.00,0.00,0.00,4,60.00,
42.20,30.00,30.00,0.00,0.00,4,60.00,
42.24,30.00,30.00,0.00,0.00,4,60.00,
42.28,30.00,30.00,0.00,0.00,4,60.00,
42.32,30.00,30.00,0.00,0.00,4,60.00,
42.36,30.00,30.00,0.00,0.00,4,60.00,
42.40,30.00,30.00,0.00,0.00,4,60.00,
42.44,30.00,30.00,0.00,0.00,4,60.00,
42.48,30.00,30.00,0.00,0.00,4,60.00,
42.52,30.00,30.00,0.00,0.00,4,60.00,
42.56,30.00,30.00,0.00,0.00,4,60.00,
42.60,30.00,30.00,0.00,0.00,4,60.00,
42.64,30.00,30.00,0.00,0.00,4,60.00,
42.68,30.00,30.00,0.00,0.00,4,60.00,
42.72,30.00,30.00,0.00,0.00,4,60.00,
42.76,30.00,30.00,0.00,0.00,4,60.00,
42.80,30.00,30.00,0.00,0.00,4,60.00,
42.84,30.00,30.00,0.00,0.00,4,60.00,
42.88,30.00,30.00,0.00,0.00,4,60.00,
42.92,30.00,30.00,0.00,0.00,4,60.00,
42.96,30.00,30.00,0.00,0.00,4,60.00,
43.00,30.00,30.00,0.00,0.00,4,60.00,
43.04,30.00,30.00,0.00,0.00,4,60.00,
43.08,30.00,30.00,0.00,0.00,4,60.00,
43.12,30.00,30.00,0.00,0.00,4,60.00,
43.16,30.00,30.00,0.00,0.00,4,60.00,
43.20,30.00,30.00,0.00,0.00,4,60.00,
43.24,30.00,30.00,0.00,0.00,4,60.00,
43.28,30.00,30.00,0.00,0.00,4,60.00,
43.32,30.00,30.00,0.00,0.00,4,60.00,
43.36,30.00,30.00,0.00,0.00,4,60.00,
43.40,30.00,30.00,0.00,0.00,4,60.00,
43.44,30.00,30.00,0.00,0.00,4,60.00,
43.48,30.00,30.00,0.00,0.00,4,60.00,
43.52,30.00,30.00,0.00,0.00,4,60.00,
43.56,30.00,30.00,0.00,0.00,4,60.00,
43.60,30.00,30.00,0.00,0.00,4,60.00,
43.64,30.00,30.00,0.00,0.00,4,60.00,
43.68,30.00,30.00,0.00,0.00,4,60.00,
43.72,30.00,30.00,0.00,0.00,4,60.00,
43.76,30.00,30.00,0.00,0.00,4,60.00,
43.80,30.00,30.00,0.00,0.00,4,60.00,
43.84,30.00,30.00,0.00,0.00,4,60.00,
43.88,30.00,30.00,0.00,0.00,4,60.00,
43.92,30.00,30.00,0.00,0.00,4,60.00,
43.96,30.00,30.00,0.00,0.00,4,60.00,
44.00,30.00,30.00,0.00,0.00,4,60.00,
44.04,30.00,30.00,0.00,0.00,4,60.00,
44.08,30.00,30.00,0.00,0.00,4,60.00,
44.12,30.00,30.00,0.00,0.00,4,60.00,
44.16,30.00,30.00,0.00,0.00,4,60.00,
44.20,30.00,30.00,0.00,0.00,4,60.00,
44.24,30.00,30.00,0.00,0.00,4,60.00,
44.28,30.00,30.00,0.00,0.00,4,60.00,
44.32,30.00,30.00,0.00,0.00,4,60.00,
44.36,30.00,30.00,0.00,0.00,4,60.00,
44.40,30.00,30.00,0.00,0.00,4,60.00,
44.44,30.00,30.00,0.00,0.00,4,60.00,
44.48,30.00,30.00,0.00,0.00,4,60.00,
44.52,30.00,30.00,0.00,0.00,4,60.00,
44.56,30.00,30.00,0.00,0.00,4,60.00,
44.60,30.00,30.00,0.00,0.00,4,60.00,
44.64,30.00,30.00,0.00,0.00,4,60.00,
44.68,30.00,30.00,0.00,0.00,4,60.00,
44.72,30.00,30.00,0.00,0.00,4,60.00,
44.76,30.00,30.00,0.00,0.00,4,60.00,
44.80,30.00,30.00,0.00,0.00,4,60.00,
44.84,30.00,30.00,0.00,0.00,4,60.00,
44.88,30.00,30.00,0.00,0.00,4,60.00,
44.92,30.00,30.00,0.00,0.00,4,60.00,
44.96,30.00,30.00,0.00,0.00,4,60.00,
45.00,30.00,30.00,0.00,0.00,4,60.00,
45.04,30.00,30.00,0.00,0.00,4,60.00,
45.08,30.00,30.00,0.00,0.00,4,60.00,
45.12,30.00,30.00,0.00,0.00,4,60.00,
45.16,30.00,30.00,0.00,0.00,4,60.00,
45.20,30.00,30.00,0.00,0.00,4,60.00,
45.24,30.00,30.00,0.00,0.00,4,60.00,
45.28,30.00,30.00,0.00,0.00,4,60.00,
45.32,30.00,30.00,0.00,0.00,4,60.00,
45.36,30.00,30.00,0.00,0.00,4,60.00,
45.40,30.00,30.00,0.00,0.00,4,60.00,
45.44,30.00,30.00,0.00,0.00,4,60.00,
45.48,30.00,30.00,0.00,0.00,4,60.00,
45.52,30.00,30.00,0.00,0.00,4,60.00,
45.56,30.00,30.00,0.00,0.00,4,60.00,
45.60,30.00,30.00,0.00,0.00,4,60.00,
45.64,30.00,30.00,0.00,0.00,4,60.00,
45.68,30.00,30.00,0.00,0.00,4,60.00,
45.72,30.00,30.00,0.00,0.00,4,60.00,
45.76,30.00,30.00,0.00,0.00,4,60.00,
45.80,30.00,30.00,0.00,0.00,4,60.00,
45.84,30.00,30.00,0.00,0.00,4,60.00,
45.88,30.00,30.00,0.00,0.00,4,60.00,
45.92,30.00,30.00,0.00,0.00,4,60.00,
45.96,30.00,30.00,0.00,0.00,4,60.00,
46.00,30.00,30.00,0.00,0.00,4,60.00,
46.04,30.00,30.00,0.00,0.00,4,60.00,
46.08,30.00,30.00,0.00,0.00,4,60.00,
46.12,30.00,30.00,0.00,0.00,4,60.00,
46.16,30.00,30.00,0.00,0.00,4,60.00,
46.20,30.00,30.00,0.00,0.00,4,60.00,
46.24,30.00,30.00,0.00,0.00,4,60.00,
46.28,30.00,30.00,0.00,0.00,4,60.00,
46.32,30.00,30.00,0.00,0.00,4,60.00,
46.36,30.00,30.00,0.00,0.00,4,60.00,
46.40,30.00,30.00,0.00,0.00,4,60.00,
46.44,30.00,30.00,0.00,0.00,4,60.00,
46.48,30.00,30.00,0.00,0.00,4,60.00,
46.52,30.00,30.00,0.00,0.00,4,60.00,
46.56,30.00,30.00,0.00,0.00,4,60.00,
46.60,30.00,30.00,0.00,0.00,4,60.00,
46.64,30.00,30.00,0.00,0.00,4,60.00,
46.68,30.00,30.00,0.00,0.00,4,60.00,
46.72,30.00,30.00,0.00,0.00,4,60.00,
46.76,30.00,30.00,0.00,0.00,4,60.00,
46.80,30.00,30.00,0.00,0.00,4,60.00,
46.84,30.00,30.00,0.00,0.00,4,60.00,
46.88,30.00,30.00,0.00,0.00,4,60.00,
46.92,30.00,30.00,0.00,0.00,4,60.00,
46.96,30.00,30.00,0.00,0.00,4,60.00,
47.00,30.00,30.00,0.00,0.00,4,60.00,
47.04,30.00,30.00,0.00,0.00,4,60.00,
47.08,30.00,30.00,0.00,0.00,4,60.00,
47.12,30.00,30.00,0.00,0.00,4,60.00,
47.16,30.00,30.00,0.00,0.00,4,60.00,
47.20,30.00,30.00,0.00,0.00,4,60.00,
47.24,30.00,30.00,0.00,0.00,4,60.00,
47.28,30.00,30.00,0.00,0.00,4,60.00,
47.32,30.00,30.00,0.00,0.00,4,60.00,
47.36,30.00,30.00,0.00,0.00,4,60.00,
47.40,30.00,30.00,0.00,0.00,4,60.00,
47.44,30.00,30.00,0.00,0.00,4,60.00,
47.48,30.00,30.00,0.00,0.00,4,60.00,
47.52,30.00,30.00,0.00,0.00,4,60.00,
47.56,30.00,30.00,0.00,0.00,4,60.00,
47.60,30.00,30.00,0.00,0.00,4,60.00,
47.64,30.00,30.00,0.00,0.00,4,60.00,
47.68,30.00,30.00,0.00,0.00,4,60.00,
47.72,30.00,30.00,0.00,0.00,4,60.00,
47.76,30.00,30.00,0.00,0.00,4,60.00,
47.80,30.00,30.00,0.00,0.00,4,60.00,
47.84,30.00,30.00,0.00,0.00,4,60.00,
47.88,30.00,30.00,0.00,0.00,4,60.00,
47.92,30.00,30.00,0.00,0.00,4,60.00,
47.96,30.00,30.00,0.00,0.00,4,60.00,
48.00,80.00,35.00,50.00,125025.60,1,80.00,
48.04,80.00,39.50,45.00,112496.08,1,80.00,
48.08,80.00,43.55,40.50,101247.21,1,80.00,
48.12,80.00,47.20,36.45,91123.15,1,80.00,
48.16,80.00,50.48,32.80,82011.43,1,80.00,
48.20,80.00,53.43,29.52,73810.82,1,80.00,
48.24,80.00,56.09,26.57,66430.22,1,80.00,
48.28,80.00,58.48,23.91,59787.64,1,80.00,
48.32,80.00,60.63,21.52,53809.26,1,80.00,
48.36,80.00,62.57,19.37,48428.69,1,80.00,
48.40,80.00,64.31,17.43,43586.14,1,80.00,
48.44,80.00,65.88,15.69,39227.81,1,80.00,
48.48,80.00,67.29,14.12,35305.28,1,80.00,
48.52,80.00,68.56,12.71,31774.99,1,80.00,
48.56,80.00,69.71,11.44,28597.70,1,80.00,
48.60,80.00,70.74,10.29,25738.11,1,80.00,
48.64,80.00,71.66,9.26,23164.47,1,80.00,
48.68,80.00,72.50,8.34,20848.18,1,80.00,
48.72,80.00,73.25,7.50,18763.49,1,80.00,
48.76,80.00,73.92,6.75,16887.27,1,80.00,
48.80,80.00,74.53,6.08,15198.65,1,80.00,
48.84,80.00,75.08,5.47,13678.89,1,80.00,
48.88,80.00,75.57,4.92,12311.09,1,80.00,
48.92,80.00,76.01,4.43,11080.06,1,80.00,
48.96,80.00,76.41,3.99,9972.12,1,80.00,
49.00,80.00,76.77,3.59,8974.98,1,80.00,
49.04,80.00,77.09,3.23,8077.54,1,80.00,
49.08,80.00,77.39,2.91,7269.84,1,80.00,
49.12,80.00,77.65,2.61,6542.90,1,80.00,
49.16,80.00,77.88,2.35,5888.65,1,80.00,
49.20,80.00,78.09,2.12,5299.83,1,80.00,
49.24,80.00,78.29,1.91,4769.88,1,80.00,
49.28,80.00,78.46,1.71,4292.92,1,80.00,
49.32,80.00,78.61,1.54,3863.66,1,80.00,
49.36,80.00,78.75,1.39,3477.32,1,80.00,
49.40,80.00,78.88,1.25,3129.61,1,80.00,
49.44,80.00,78.99,1.12,2816.67,1,80.00,
49.48,80.00,79.09,1.01,2535.02,1,80.00,
49.52,80.00,79.18,0.91,2281.53,1,80.00,
49.56,80.00,79.26,0.82,2053.40,1,80.00,
49.60,80.00,79.34,0.74,1848.07,1,80.00,
49.64,80.00,79.40,0.66,1663.27,1,80.00,
49.68,80.00,79.46,0.60,1496.96,1,80.00,
49.72,80.00,79.52,0.54,1347.27,1,80.00,
49.76,80.00,79.57,0.48,1212.55,1,80.00,
49.80,80.00,79.61,0.43,1091.31,1,80.00,
49.84,80.00,79.65,0.39,982.18,1,80.00,
49.88,80.00,79.68,0.35,883.97,1,80.00,
49.92,80.00,79.72,0.32,795.58,1,80.00,
49.96,80.00,79.74,0.28,716.03,1,80.00,
50.00,80.00,79.77,0.26,644.43,1,80.00,
50.04,80.00,79.79,0.23,579.99,1,80.00,
50.08,80.00,79.81,0.21,521.99,1,80.00,
50.12,80.00,79.83,0.19,469.80,1,80.00,
50.16,80.00,79.85,0.17,422.82,1,80.00,
50.20,80.00,79.87,0.15,380.54,1,80.00,
50.24,80.00,79.88,0.13,342.49,1,80.00,
50.28,80.00,79.89,0.12,308.24,1,80.00,
50.32,80.00,79.90,0.11,277.42,1,80.00,
50.36,80.00,79.91,0.10,249.68,1,80.00,
50.40,80.00,79.92,0.09,224.71,1,80.00,
50.44,80.00,79.93,0.08,202.24,1,80.00,
50.48,80.00,79.94,0.07,182.02,1,80.00,
50.52,80.00,79.94,0.06,163.82,1,80.00,
50.56,80.00,79.95,0.06,147.44,1,80.00,
50.60,80.00,79.95,0.05,132.70,1,80.00,
50.64,80.00,79.96,0.05,119.43,1,80.00,
50.68,80.00,79.96,0.04,107.49,1,80.00,
50.72,80.00,79.97,0.04,96.74,1,80.00,
50.76,80.00,79.97,0.03,87.06,1,80.00,
50.80,80.00,79.97,0.03,78.36,1,80.00,
50.84,80.00,79.98,0.03,70.52,1,80.00,
50.88,80.00,79.98,0.02,63.47,1,80.00,
50.92,80.00,79.98,0.02,57.12,1,80.00,
50.96,80.00,79.98,0.02,51.41,1,80.00,
51.00,80.00,79.99,0.02,46.27,1,80.00,
51.04,80.00,79.99,0.01,41.64,1,80.00,
51.08,80.00,79.99,0.01,37.48,1,80.00,
51.12,80.00,79.99,0.01,33.73,1,80.00,
51.16,80.00,79.99,0.01,30.36,1,80.00,
51.20,80.00,79.99,0.01,27.32,1,80.00,
51.24,80.00,79.99,0.01,24.59,1,80.00,
51.28,80.00,79.99,0.01,22.13,1,80.00,
51.32,80.00,80.00,0.01,19.92,1,80.00,
51.36,80.00,80.00,0.00,17.93,1,80.00,
51.40,80.00,80.00,0.00,16.13,1,80.00,
51.44,80.00,80.00,0.00,14.52,1,80.00,
51.48,80.00,80.00,0.00,13.07,1,80.00,
51.52,80.00,80.00,0.00,11.76,1,80.00,
51.56,80.00,80.00,0.00,10.59,1,80.00,
51.60,80.00,80.00,0.00,9.53,1,80.00,
51.64,80.00,80.00,0.00,8.57,1,80.00,
51.68,80.00,80.00,0.00,7.72,1,80.00,
51.72,80.00,80.00,0.00,6.95,1,80.00,
51.76,80.00,80.00,0.00,6.25,1,80.00,
51.80,80.00,80.00,-0.00,5.63,1,80.00,
51.84,80.00,80.00,-0.00,5.06,1,80.00,
51.88,80.00,80.00,-0.00,4.56,1,80.00,
51.92,80.00,80.00,-0.00,4.10,1,80.00,
51.96,80.00,80.00,-0.00,3.69,1,80.00,
52.00,80.00,80.00,-0.00,3.32,1,80.00,
52.04,80.00,80.00,-0.00,2.99,1,80.00,
52.08,80.00,80.00,-0.00,2.69,1,80.00,
52.12,80.00,80.00,-0.00,2.42,1,80.00,
52.16,80.00,80.00,-0.00,2.18,1,80.00,
52.20,80.00,80.00,-0.00,1.96,1,80.00,
52.24,80.00,80.00,-0.00,1.77,1,80.00,
52.28,80.00,80.00,-0.00,1.59,1,80.00,
52.32,80.00,80.00,-0.00,1.43,1,80.00,
52.36,80.00,80.00,-0.00,1.29,1,80.00,
52.40,80.00,80.00,-0.00,1.16,1,80.00,
52.44,80.00,80.00,-0.00,1.04,1,80.00,
52.48,80.00,80.00,-0.00,0.94,1,80.00,
52.52,80.00,80.00,-0.00,0.84,1,80.00,
52.56,80.00,80.00,-0.00,0.76,1,80.00,
52.60,80.00,80.00,-0.00,0.68,1,80.00,
52.64,80.00,80.00,-0.00,0.62,1,80.00,
52.68,80.00,80.00,-0.00,0.55,1,80.00,
52.72,80.00,80.00,-0.00,0.50,1,80.00,
52.76,80.00,80.00,-0.00,0.45,1,80.00,
52.80,80.00,80.00,-0.00,0.40,1,80.00,
52.84,80.00,80.00,-0.00,0.36,1,80.00,
52.88,80.00,80.00,-0.00,0.33,1,80.00,
52.92,80.00,80.00,-0.00,0.29,1,80.00,
52.96,80.00,80.00,-0.00,0.26,1,80.00,
53.00,80.00,80.00,-0.00,0.24,1,80.00,
53.04,80.00,80.00,-0.00,0.21,1,80.00,
53.08,80.00,80.00,-0.00,0.19,1,80.00,
53.12,80.00,80.00,-0.00,0.17,1,80.00,
53.16,80.00,80.00,-0.00,0.16,1,80.00,
53.20,80.00,80.00,-0.00,0.14,1,80.00,
53.24,80.00,80.00,-0.00,0.13,1,80.00,
53.28,80.00,80.00,-0.00,0.11,1,80.00,
53.32,80.00,80.00,-0.00,0.10,1,80.00,
53.36,80.00,80.00,-0.00,0.09,1,80.00,
53.40,80.00,80.00,-0.00,0.08,1,80.00,
53.44,80.00,80.00,-0.00,0.07,1,80.00,
53.48,80.00,80.00,-0.00,0.07,1,80.00,
53.52,80.00,80.00,-0.00,0.06,1,80.00,
53.56,80.00,80.00,-0.00,0.05,1,80.00,
53.60,80.00,80.00,-0.00,0.05,1,80.00,
53.64,80.00,80.00,-0.00,0.04,1,80.00,
53.68,80.00,80.00,-0.00,0.04,1,80.00,
53.72,80.00,80.00,-0.00,0.04,1,80.00,
53.76,80.00,80.00,-0.00,0.03,1,80.00,
53.80,80.00,80.00,-0.00,0.03,1,80.00,
53.84,80.00,80.00,-0.00,0.03,1,80.00,
53.88,80.00,80.00,-0.00,0.02,1,80.00,
53.92,80.00,80.00,-0.00,0.02,1,80.00,
53.96,80.00,80.00,-0.00,0.02,1,80.00,
54.00,80.00,80.00,-0.00,0.02,1,80.00,
54.04,80.00,80.00,-0.00,0.02,1,80.00,
54.08,80.00,80.00,-0.00,0.01,1,80.00,
54.12,80.00,80.00,-0.00,0.01,1,80.00,
54.16,80.00,80.00,-0.00,0.01,1,80.00,
54.20,80.00,80.00,-0.00,0.01,1,80.00,
54.24,80.00,80.00,-0.00,0.01,1,80.00,
54.28,80.00,80.00,-0.00,0.01,1,80.00,
54.32,80.00,80.00,-0.00,0.01,1,80.00,
54.36,80.00,80.00,-0.00,0.01,1,80.00,
54.40,80.00,80.00,-0.00,0.01,1,80.00,
54.44,80.00,80.00,-0.00,0.01,1,80.00,
54.48,80.00,80.00,-0.00,0.00,1,80.00,
54.52,80.00,80.00,-0.00,0.00,1,80.00,
54.56,80.00,80.00,-0.00,0.00,1,80.00,
54.60,80.00,80.00,-0.00,0.00,1,80.00,
54.64,80.00,80.00,-0.00,0.00,1,80.00,
54.68,80.00,80.00,-0.00,0.00,1,80.00,
54.72,80.00,80.00,-0.00,0.00,1,80.00,
54.76,80.00,80.00,-0.00,0.00,1,80.00,
54.80,80.00,80.00,-0.00,0.00,1,80.00,
54.84,80.00,80.00,-0.00,0.00,1,80.00,
54.88,80.00,80.00,-0.00,0.00,1,80.00,
54.92,80.00,80.00,-0.00,0.00,1,80.00,
54.96,80.00,80.00,-0.00,0.00,1,80.00,
55.00,80.00,80.00,-0.00,0.00,1,80.00,
55.04,80.00,80.00,-0.00,0.00,1,80.00,
55.08,80.00,80.00,-0.00,0.00,1,80.00,
55.12,80.00,80.00,-0.00,0.00,1,80.00,
55.16,80.00,80.00,-0.00,0.00,1,80.00,
55.20,80.00,80.00,-0.00,0.00,1,80.00,
55.24,80.00,80.00,-0.00,0.00,1,80.00,
55.28,80.00,80.00,-0.00,0.00,1,80.00,
55.32,80.00,80.00,-0.00,0.00,1,80.00,
55.36,80.00,80.00,-0.00,0.00,1,80.00,
55.40,80.00,80.00,-0.00,0.00,1,80.00,
55.44,80.00,80.00,-0.00,0.00,1,80.00,
55.48,80.00,80.00,-0.00,0.00,1,80.00,
55.52,80.00,80.00,-0.00,0.00,1,80.00,
55.56,80.00,80.00,-0.00,-0.00,1,80.00,
55.60,80.00,80.00,-0.00,-0.00,1,80.00,
55.64,80.00,80.00,-0.00,-0.00,1,80.00,
55.68,80.00,80.00,-0.00,-0.00,1,80.00,
55.72,80.00,80.00,-0.00,-0.00,1,80.00,
55.76,80.00,80.00,-0.00,-0.00,1,80.00,
55.80,80.00,80.00,-0.00,-0.00,1,80.00,
55.84,80.00,80.00,-0.00,-0.00,1,80.00,
55.88,80.00,80.00,-0.00,-0.00,1,80.00,
55.92,80.00,80.00,-0.00,-0.00,1,80.00,
55.96,80.00,80.00,-0.00,-0.00,1,80.00,
56.00,80.00,80.00,-0.00,-0.00,1,80.00,
56.04,80.00,80.00,-0.00,-0.00,1,80.00,
56.08,80.00,80.00,-0.00,-0.00,1,80.00,
56.12,80.00,80.00,-0.00,-0.00,1,80.00,
56.16,80.00,80.00,-0.00,-0.00,1,80.00,
56.20,80.00,80.00,-0.00,-0.00,1,80.00,
56.24,80.00,80.00,-0.00,-0.00,1,80.00,
56.28,80.00,80.00,-0.00,-0.00,1,80.00,
56.32,80.00,80.00,-0.00,-0.00,1,80.00,
56.36,80.00,80.00,-0.00,-0.00,1,80.00,
56.40,80.00,80.00,-0.00,-0.00,1,80.00,
56.44,80.00,80.00,-0.00,-0.00,1,80.00,
56.48,80.00,80.00,-0.00,-0.00,1,80.00,
56.52,80.00,80.00,-0.00,-0.00,1,80.00,
56.56,80.00,80.00,-0.00,-0.00,1,80.00,
56.60,80.00,80.00,-0.00,-0.00,1,80.00,
56.64,80.00,80.00,-0.00,-0.00,1,80.00,
56.68,80.00,80.00,-0.00,-0.00,1,80.00,
56.72,80.00,80.00,-0.00,-0.00,1,80.00,
56.76,80.00,80.00,-0.00,-0.00,1,80.00,
56.80,80.00,80.00,-0.00,-0.00,1,80.00,
56.84,80.00,80.00,-0.00,-0.00,1,80.00,
56.88,80.00,80.00,-0.00,-0.00,1,80.00,
56.92,80.00,80.00,-0.00,-0.00,1,80.00,
56.96,80.00,80.00,-0.00,-0.00,1,80.00,
57.00,80.00,80.00,-0.00,-0.00,1,80.00,
57.04,80.00,80.00,-0.00,-0.00,1,80.00,
57.08,80.00,80.00,-0.00,-0.00,1,80.00,
57.12,80.00,80.00,-0.00,-0.00,1,80.00,
57.16,80.00,80.00,-0.00,-0.00,1,80.00,
57.20,80.00,80.00,-0.00,-0.00,1,80.00,
57.24,80.00,80.00,-0.00,-0.00,1,80.00,
57.28,80.00,80.00,-0.00,-0.00,1,80.00,
57.32,80.00,80.00,-0.00,-0.00,1,80.00,
57.36,80.00,80.00,-0.00,-0.00,1,80.00,
57.40,80.00,80.00,-0.00,-0.00,1,80.00,
57.44,80.00,80.00,-0.00,-0.00,1,80.00,
57.48,80.00,80.00,-0.00,-0.00,1,80.00,
57.52,80.00,80.00,-0.00,-0.00,1,80.00,
57.56,80.00,80.00,-0.00,-0.00,1,80.00,
57.60,80.00,80.00,-0.00,-0.00,1,80.00,
57.64,80.00,80.00,-0.00,-0.00,1,80.00,
57.68,80.00,80.00,-0.00,-0.00,1,80.00,
57.72,80.00,80.00,-0.00,-0.00,1,80.00,
57.76,80.00,80.00,-0.00,-0.00,1,80.00,
57.80,80.00,80.00,-0.00,-0.00,1,80.00,
57.84,80.00,80.00,-0.00,-0.00,1,80.00,
57.88,80.00,80.00,-0.00,-0.00,1,80.00,
57.92,80.00,80.00,-0.00,-0.00,1,80.00,
57.96,80.00,80.00,-0.00,-0.00,1,80.00,
58.00,80.00,80.00,-0.00,-0.00,1,80.00,
58.04,80.00,80.00,-0.00,-0.00,1,80.00,
58.08,80.00,80.00,-0.00,-0.00,1,80.00,
58.12,80.00,80.00,-0.00,-0.00,1,80.00,
58.16,80.00,80.00,-0.00,-0.00,1,80.00,
58.20,80.00,80.00,-0.00,-0.00,1,80.00,
58.24,80.00,80.00,-0.00,-0.00,1,80.00,
58.28,80.00,80.00,-0.00,-0.00,1,80.00,
58.32,80.00,80.00,-0.00,-0.00,1,80.00,
58.36,80.00,80.00,-0.00,-0.00,1,80.00,
58.40,80.00,80.00,-0.00,-0.00,1,80.00,
58.44,80.00,80.00,-0.00,-0.00,1,80.00,
58.48,80.00,80.00,-0.00,-0.00,1,80.00,
58.52,80.00,80.00,-0.00,-0.00,1,80.00,
58.56,80.00,80.00,-0.00,-0.00,1,80.00,
58.60,80.00,80.00,-0.00,-0.00,1,80.00,
58.64,80.00,80.00,-0.00,-0.00,1,80.00,
58.68,80.00,80.00,-0.00,-0.00,1,80.00,
58.72,80.00,80.00,-0.00,-0.00,1,80.00,
58.76,80.00,80.00,-0.00,-0.00,1,80.00,
58.80,80.00,80.00,-0.00,-0.00,1,80.00,
58.84,80.00,80.00,-0.00,-0.00,1,80.00,
58.88,80.00,80.00,-0.00,-0.00,1,80.00,
58.92,80.00,80.00,-0.00,-0.00,1,80.00,
58.96,80.00,80.00,-0.00,-0.00,1,80.00,
59.00,80.00,80.00,-0.00,-0.00,1,80.00,
59.04,80.00,80.00,-0.00,-0.00,1,80.00,
59.08,80.00,80.00,-0.00,-0.00,1,80.00,
59.12,80.00,80.00,-0.00,-0.00,1,80.00,
59.16,80.00,80.00,-0.00,-0.00,1,80.00,
59.20,80.00,80.00,-0.00,-0.00,1,80.00,
59.24,80.00,80.00,-0.00,-0.00,1,80.00,
59.28,80.00,80.00,-0.00,-0.00,1,80.00,
59.32,80.00,80.00,-0.00,-0.00,1,80.00,
59.36,80.00,80.00,-0.00,-0.00,1,80.00,
59.40,80.00,80.00,-0.00,-0.00,1,80.00,
59.44,80.00,80.00,-0.00,-0.00,1,80.00,
59.48,80.00,80.00,-0.00,-0.00,1,80.00,
59.52,80.00,80.00,-0.00,-0.00,1,80.00,
59.56,80.00,80.00,-0.00,-0.00,1,80.00,
59.60,80.00,80.00,-0.00,-0.00,1,80.00,
59.64,80.00,80.00,-0.00,-0.00,1,80.00,
59.68,80.00,80.00,-0.00,-0.00,1,80.00,
59.72,80.00,80.00,-0.00,-0.00,1,80.00,
59.76,80.00,80.00,-0.00,-0.00,1,80.00,
59.80,80.00,80.00,-0.00,-0.00,1,80.00,
59.84,80.00,80.00,-0.00,-0.00,1,80.00,
59.88,80.00,80.00,-0.00,-0.00,1,80.00,
59.92,80.00,80.00,-0.00,-0.00,1,80.00,
59.96,80.00,80.00,-0.00,-0.00,1,80.00,
60.00,10.00,73.00,-70.00,-175035.84,5,90.00,
60.04,10.00,66.70,-63.00,-157494.51,5,90.00,
60.08,10.00,61.03,-56.70,-141746.09,5,90.00,
60.12,10.00,55.93,-51.03,-127572.41,5,90.00,
60.16,10.00,51.34,-45.93,-114816.00,5,90.00,
60.20,10.00,47.20,-41.34,-103335.15,5,90.00,
60.24,10.00,43.48,-37.20,-93002.31,5,90.00,
60.28,10.00,40.13,-33.48,-83702.69,5,90.00,
60.32,10.00,37.12,-30.13,-75332.97,5,90.00,
60.36,10.00,34.41,-27.12,-67800.17,5,90.00,
60.40,10.00,31.97,-24.41,-61020.59,5,90.00,
60.44,10.00,29.77,-21.97,-54918.93,5,90.00,
60.48,10.00,27.79,-19.77,-49427.40,5,90.00,
60.52,10.00,26.01,-17.79,-44484.98,5,90.00,
60.56,10.00,24.41,-16.01,-40036.78,5,90.00,
60.60,10.00,22.97,-14.41,-36033.36,5,90.00,
60.64,10.00,21.67,-12.97,-32430.26,5,90.00,
60.68,10.00,20.51,-11.67,-29187.45,5,90.00,
60.72,10.00,19.46,-10.51,-26268.89,5,90.00,
60.76,10.00,18.51,-9.46,-23642.17,5,90.00,
60.80,10.00,17.66,-8.51,-21278.11,5,90.00,
60.84,10.00,16.89,-7.66,-19150.44,5,90.00,
60.88,10.00,16.20,-6.89,-17235.52,5,90.00,
60.92,10.00,15.58,-6.20,-15512.08,5,90.00,
60.96,10.00,15.03,-5.58,-13960.98,5,90.00,
61.00,10.00,14.52,-5.03,-12564.97,5,90.00,
